lineage,step,variant_name,mutation_set,replicate,score,starttime,endtime,pdb_file,pdbqt_path,enzyme,residue,center_x,center_y,center_z,formaldehyde_score,glyceraldehyde_score,benzaldehyde_score,TPP_score
BFD,0,BFD,,,-1694.1231,,,input/receptor/BFD/monomer/AF-P20906-F1-model_v6.pdb,input/receptor/BFD/monomer/AF-P20906-F1-model_v6_noH2O.pdbqt,BFD,460,-1.325,-12.356,13.170,-1.269,-4.057,-4.337,-6.460
BFD,1,BFD-BFD-M1,W86R+N87T,24,-1684.8003,2026-05-11T12:25:24.097049,2026-05-11T13:02:22.137164,output/mutated_PDB_structures/BFD-BFD-M1/aaadc7d5_rep24.pdb,output/bestVariant_pdbs/BFD/BFD-M1/BFD-M1.pdbqt,BFD-M1,460,10.959,-25.890,3.742,-1.989,-4.756,-4.722,-7.717
BFD,2,BFD-M1_BFD-M2,L109G+L110E,22,-1690.8726,2026-05-11T13:48:35.572363,2026-05-11T14:26:02.455650,output/pdbfiles_mutatescript/BFD-M1_BFD-M2/0b976ce2_rep22.pdb,output/bestVariant_pdbs/BFD/BFD-M2/BFD-M2.pdbqt,BFD-M2,460,12.062,-26.304,3.557,-1.912,-4.692,-4.875,-7.61
BFD,3,BFD-M2_BFD-M3,A460M,12,-1692.4,2026-05-11T14:48:03.587087,2026-05-11T15:26:42.292738,output/pdbfiles_mutatescript/BFD-M2_BFD-M3/4bb07e89_rep12.pdb,output/bestVariant_pdbs/BFD/BFD-M3/BFD-M3_noH2O.pdbqt,BFD-M3,460,20.849,-22.236,7.500,-1.926,-4.684,-4.543,-8.249
BFD,4,BFD-M3_BFD-M4,H281V+Q282F,7,-1692.243,2026-05-11T15:32:51.312351,2026-05-11T16:16:33.934575,output/pdbfiles_mutatescript/BFD-M3_BFD-M4/01a27dd1_rep7.pdb,output/bestVariant_pdbs/BFD/BFD-M4/BFD-M4.pdbqt,BFD-M4,460,-22.735,7.352,20.390,-0.8533,-1.899,-2.6,-2.375
BFD,5,BFD-M4_M4,V281Y+F282Q,24,-1695.152,2026-05-11T16:35:31.248490,2026-05-11T17:10:43.238048,output/pdbfiles_mutatescript/BFD-M4_M4/045fbc98_rep24.pdb,output/bestVariant_pdbs/BFD/M4/M4.pdbqt,M4,460,21.056,-22.587,7.373,-1.94,-4.648,-4.98,-8.14
BFD,6,M4_M5,S26F,23,-1697.6917,2026-05-11T17:16:32.580886,2026-05-11T17:53:45.305720,output/pdbfiles_mutatescript/M4_M5/d4c15673_rep23.pdb,output/bestVariant_pdbs/BFD/M5/M5.pdbqt,M5,460,21.122,-22.262,7.378,-1.956,-4.719,-5.107,-7.797
BFD,7,M5_M6,G109S,22,-1699.7285,2026-05-11T17:59:00.101402,2026-05-11T18:37:56.233305,output/pdbfiles_mutatescript/M5_M6/81da4ef4_rep22.pdb,output/bestVariant_pdbs/BFD/M6/M6.pdbqt,M6,460,21.657,-22.540,7.021,-1.956,-4.744,-5.088,-8.099
BFD,4,BFD-M3_Cheng1,S26F,23,-1694.4766,2026-05-11T18:52:22.214406,2026-05-11T19:32:25.514781,output/pdbfiles_mutatescript/BFD-M3_Cheng1/9761921a_rep23.pdb,output/bestVariant_pdbs/Cheng/Ch-pdbqt-files/Cheng1.pdbqt,Cheng1,461,24.995,-25.002,5.816,-1.924,-4.667,-4.603,-8.096
BFD,4,BFD-M3_Cheng2,G109I,10,-1694.6637,2026-05-11T19:01:55.741857,2026-05-11T19:39:01.707057,output/pdbfiles_mutatescript/BFD-M3_Cheng2/483be7a6_rep10.pdb,output/bestVariant_pdbs/Cheng/Ch-pdbqt-files/Cheng2.pdbqt,Cheng2,461,24.182,-25.302,5.578,-1.954,-4.7,-4.541,-8.153
BFD,4,BFD-M3_Cheng3,S236L,26,-1698.5854,2026-05-11T19:37:28.490976,2026-05-11T20:17:01.240964,output/pdbfiles_mutatescript/BFD-M3_Cheng3/920943ea_rep26.pdb,output/bestVariant_pdbs/Cheng/Ch-pdbqt-files/Cheng3.pdbqt,Cheng3,461,27.940,-18.866,10.405,-1.885,-4.303,-4.921,-7.94
BFD,4,BFD-M3_Cheng4,S236F,22,-1703.4052,2026-05-11T19:47:13.270087,2026-05-11T20:26:42.050568,output/pdbfiles_mutatescript/BFD-M3_Cheng4/011271f9_rep22.pdb,output/bestVariant_pdbs/Cheng/Ch-pdbqt-files/Cheng4.pdbqt,Cheng4,461,24.301,-24.202,5.178,-2.006,-4.437,-4.599,-5.599
BFD,4,BFD-M3_Cheng5,H281Y,2,-1694.6575,2026-05-11T20:23:19.396077,2026-05-11T21:04:19.797707,output/pdbfiles_mutatescript/BFD-M3_Cheng5/045fbc98_rep2.pdb,output/bestVariant_pdbs/Cheng/Ch-pdbqt-files/Cheng5.pdbqt,Cheng5,461,24.553,-25.420,5.262,-1.919,-4.708,-4.559,-8
BFD,4,BFD-M3_Cheng6,C398A,24,-1694.2515,2026-05-11T20:30:20.712431,2026-05-11T21:10:23.444988,output/pdbfiles_mutatescript/BFD-M3_Cheng6/1d37cc6e_rep24.pdb,output/bestVariant_pdbs/Cheng/Ch-pdbqt-files/Cheng6.pdbqt,Cheng6,461,28.530,-19.396,9.934,-1.937,-4.668,-4.531,-8.074
BFD,4,BFD-M3_Cheng7,C398M,17,-1689.52,2026-05-11T21:17:28.687746,2026-05-11T22:02:18.295922,output/pdbfiles_mutatescript/BFD-M3_Cheng7/18eaf7d6_rep17.pdb,output/bestVariant_pdbs/Cheng/Ch-pdbqt-files/Cheng7.pdbqt,Cheng7,461,24.771,-24.771,5.652,-1.981,-4.772,-4.619,-6.46
BFD,4,BFD-M3_Cheng8,G401L,6,-1693.943,2026-05-11T21:18:42.081215,2026-05-11T22:02:10.909815,output/pdbfiles_mutatescript/BFD-M3_Cheng8/806e001d_rep6.pdb,output/bestVariant_pdbs/Cheng/Ch-pdbqt-files/Cheng8.pdbqt,Cheng8,461,24.582,-25.501,4.802,-1.958,-4.672,-4.653,-7.875
BFD,4,BFD-M3_Cheng9,G401H,7,-1692.3122,2026-05-11T23:03:36.952103,2026-05-11T23:47:33.890852,output/pdbfiles_mutatescript/BFD-M3_Cheng9/1f17d892_rep7.pdb,output/bestVariant_pdbs/Cheng/Ch-pdbqt-files/Cheng9.pdbqt,Cheng9,461,24.461,-25.369,4.968,-1.932,-4.628,-4.579,-8.263
BFD,4,BFD-M3_Cheng10,G401Y,4,-1695.5464,2026-05-11T23:04:26.254818,2026-05-11T23:49:34.767385,output/pdbfiles_mutatescript/BFD-M3_Cheng10/12f084a1_rep4.pdb,output/bestVariant_pdbs/Cheng/Ch-pdbqt-files/Cheng10.pdbqt,Cheng10,461,24.726,-25.363,4.808,-1.921,-4.403,-4.831,-8.087
ReBAL,0,ReBAL,,,-1792.8166,,,input/receptor/ReBAL_AF/ReBAL.pdb,input/receptor/ReBAL_AF/ReBAL_noH2O.pdbqt,ReBAL,416,-8.989,-6.869,3.175,-1.303,-3.982,-4.618,-5.614
ReBAL,1,ReBAL-ReBALmat,Q112L+E394Y+S416G+T479F,30,-1796.7249,2026-05-10T14:57:12.146963,2026-05-10T15:59:53.085247,output/mutated_PDB_structures/ReBAL-ReBALmat/b2d1092f_rep30.pdb,input/receptor/ReBAL_mutants/ReBALmat/ReBALmat.pdbqt,ReBALmat,416,-8.687,-5.251,-3.078,-1.292,-3.937,-4.63,-6.119
ReBALmat,2,ReBALmat-FLS-V1,A28L+A391G+G416N+A475W,23,-1792.7881,2026-05-11T16:43:24.599932,2026-05-11T17:44:04.783361,output/lab_variants_PDB_structures/ReBALmat-FLS-V1/0c072d87_rep23.pdb,output/bestVariant_pdbs/FLS-V/FLS-V1/FLS-V1.pdbqt,FLS-V1,416,12.108,20.885,10.786,-2.071,-3.716,-5.53,-6.214
ReBALmat,2,ReBALmat-FLS-V2,A28L+Y89R+A391G+G416N+A475W,30,-1786.5513,2026-05-11T18:05:11.200208,2026-05-11T18:57:17.135915,output/lab_variants_PDB_structures/ReBALmat-FLS-V2/98e4ef91_rep30.pdb,output/bestVariant_pdbs/FLS-V/FLS-V2/FLS-V2.pdbqt,FLS-V2,416,11.432,19.979,9.315,-2.124,-4.76,-4.731,-7.404
ReBALmat,2,ReBALmat-FLS-V3,A28L+M90L+A391G+G416N+A475W,19,-1788.6583,2026-05-10T22:42:35.295570,2026-05-10T23:14:56.836836,output/mutated_PDB_structures/ReBALmat-FLS-V3/d924b886_rep19.pdb,output/bestVariant_pdbs/FLS-V/FLS-V3/FLS-V3.pdbqt,FLS-V3,416,12.503,20.585,10.511,-1.644,-3.026,-3.678,-5.443
ReBALmat,2,ReBALmat-FLS-V4,A28L+P279H+A391G+G416N+A475W,4,-1786.8094,2026-05-11T00:05:10.134854,2026-05-11T01:10:44.001308,output/mutated_PDB_structures/ReBALmat-FLS-V4/e61acc5b_rep4.pdb,output/bestVariant_pdbs/FLS-V/FLS-V4/FLS-V4.pdbqt,FLS-V4,416,10.280,20.158,10.967,-2.138,-3.927,-5.224,-6.648
ReBALmat,2,ReBALmat-FLS-V5,A28L+Y89R+M90L+P279H+A391G+G416N+A475W,5,-1783.4269,2026-05-11T00:07:21.885642,2026-05-11T01:09:56.311420,output/mutated_PDB_structures/ReBALmat-FLS-V5/49fa27ff_rep5.pdb,output/bestVariant_pdbs/FLS-V/FLS-V5/FLS-V5.pdbqt,FLS-V5,416,12.084,20.823,11.041,-2.087,-4.719,-5.004,-6.098
ReBAL,1,ReBAL-ReBALwid,Q112A+E394A+S416G+T479A,19,-1789.3884,2026-05-10T14:58:27.304954,2026-05-10T16:00:01.721172,output/mutated_PDB_structures/ReBAL-ReBALwid/acced205_rep19.pdb,input/receptor/ReBAL_mutants/ReBALwid/ReBALwid.pdbqt,ReBALwid,416,-1.398,-8.857,6.639,-1.371,-3.699,-4.301,-6.428
PfBAL,0,PfBAL,,,-1747.2507,,,input/receptor/PfBAL/AF-Q9F4L3-F1-model_v6.pdb,input/receptor/PfBAL/Q9F4L3_noH2O.pdbqt,PfBAL,480,10.965,2.604,17.507,-1.47,-4.299,-4.619,-6.174
PfBAL,1,PfBAL-Des1,A28I+A394G+G419N+A480W,30,-1745.0302,2026-05-11T13:31:42.600322,2026-05-11T14:18:29.335182,output/pdbfiles_mutatescript/PfBAL-Des1/e73314b0_rep30.pdb,output/bestVariant_pdbs/FLS/Des1.pdbqt,Des1,480,-13.219,4.152,8.050,-2.133,-4.975,-4.409,-5.265
PfBAL,2,Des1-FLS,W89R+L90T+R188H,7,-1748.6927,2026-05-11T14:37:43.828251,2026-05-11T15:21:15.675177,output/pdbfiles_mutatescript/Des1-FLS/e3d60674_rep7.pdb,output/bestVariant_pdbs/FLS/FLS.pdbqt,FLS,480,-18.889,8.331,4.855,-2.191,-4.752,-3.735,-5.373
PfBAL,3,FLS-FLSM3,I28L+T90L+N283H,22,-1755.5108,2026-05-11T15:28:59.306974,2026-05-11T16:19:43.696485,output/pdbfiles_mutatescript/FLS-FLSM3/3afdaf70_rep22.pdb,output/bestVariant_pdbs/FLS/FLS-M3.pdbqt,FLSM3,480,-30.710,16.714,-11.000,-2.213,-4.739,-4.136,-6.392
