mutation_set,replicate,score,starttime,endtime,pdb_file
A28L+P279H+A391G+G416N+A475W,20,-1776.9898,2026-05-11T00:05:10.337345,2026-05-11T01:05:40.900340,output/mutated_PDB_structures/ReBALmat-FLS-V4/e61acc5b_rep20.pdb
A28L+P279H+A391G+G416N+A475W,8,-1772.6331,2026-05-11T00:05:10.185667,2026-05-11T01:06:11.085174,output/mutated_PDB_structures/ReBALmat-FLS-V4/e61acc5b_rep8.pdb
A28L+P279H+A391G+G416N+A475W,19,-1775.1817,2026-05-11T00:05:10.328775,2026-05-11T01:06:11.779565,output/mutated_PDB_structures/ReBALmat-FLS-V4/e61acc5b_rep19.pdb
A28L+P279H+A391G+G416N+A475W,16,-1770.1382,2026-05-11T00:05:10.307703,2026-05-11T01:06:19.373080,output/mutated_PDB_structures/ReBALmat-FLS-V4/e61acc5b_rep16.pdb
A28L+P279H+A391G+G416N+A475W,29,-1772.0271,2026-05-11T00:05:10.431219,2026-05-11T01:06:56.150520,output/mutated_PDB_structures/ReBALmat-FLS-V4/e61acc5b_rep29.pdb
A28L+P279H+A391G+G416N+A475W,1,-1778.1288,2026-05-11T00:05:10.038209,2026-05-11T01:07:09.050447,output/mutated_PDB_structures/ReBALmat-FLS-V4/e61acc5b_rep1.pdb
A28L+P279H+A391G+G416N+A475W,7,-1773.9574,2026-05-11T00:05:10.182782,2026-05-11T01:07:59.335703,output/mutated_PDB_structures/ReBALmat-FLS-V4/e61acc5b_rep7.pdb
A28L+P279H+A391G+G416N+A475W,21,-1776.2007,2026-05-11T00:05:10.356424,2026-05-11T01:08:12.231471,output/mutated_PDB_structures/ReBALmat-FLS-V4/e61acc5b_rep21.pdb
A28L+P279H+A391G+G416N+A475W,14,-1764.8450,2026-05-11T00:05:10.281601,2026-05-11T01:09:19.200890,output/mutated_PDB_structures/ReBALmat-FLS-V4/e61acc5b_rep14.pdb
A28L+P279H+A391G+G416N+A475W,6,-1760.8496,2026-05-11T00:05:10.172549,2026-05-11T01:09:30.646874,output/mutated_PDB_structures/ReBALmat-FLS-V4/e61acc5b_rep6.pdb
A28L+P279H+A391G+G416N+A475W,24,-1772.8976,2026-05-11T00:05:10.386569,2026-05-11T01:09:32.603822,output/mutated_PDB_structures/ReBALmat-FLS-V4/e61acc5b_rep24.pdb
A28L+P279H+A391G+G416N+A475W,27,-1763.9813,2026-05-11T00:05:10.422300,2026-05-11T01:09:37.451394,output/mutated_PDB_structures/ReBALmat-FLS-V4/e61acc5b_rep27.pdb
A28L+P279H+A391G+G416N+A475W,3,-1771.5834,2026-05-11T00:05:10.096298,2026-05-11T01:09:50.224279,output/mutated_PDB_structures/ReBALmat-FLS-V4/e61acc5b_rep3.pdb
A28L+P279H+A391G+G416N+A475W,13,-1766.8043,2026-05-11T00:05:10.247347,2026-05-11T01:10:30.342859,output/mutated_PDB_structures/ReBALmat-FLS-V4/e61acc5b_rep13.pdb
A28L+P279H+A391G+G416N+A475W,11,-1771.2176,2026-05-11T00:05:10.229073,2026-05-11T01:10:31.895045,output/mutated_PDB_structures/ReBALmat-FLS-V4/e61acc5b_rep11.pdb
A28L+P279H+A391G+G416N+A475W,5,-1767.1514,2026-05-11T00:05:10.157153,2026-05-11T01:10:39.367957,output/mutated_PDB_structures/ReBALmat-FLS-V4/e61acc5b_rep5.pdb
A28L+P279H+A391G+G416N+A475W,4,-1786.8094,2026-05-11T00:05:10.134854,2026-05-11T01:10:44.001308,output/mutated_PDB_structures/ReBALmat-FLS-V4/e61acc5b_rep4.pdb
A28L+P279H+A391G+G416N+A475W,15,-1769.7243,2026-05-11T00:05:10.293422,2026-05-11T01:10:44.742248,output/mutated_PDB_structures/ReBALmat-FLS-V4/e61acc5b_rep15.pdb
A28L+P279H+A391G+G416N+A475W,25,-1779.5214,2026-05-11T00:05:10.388425,2026-05-11T01:10:55.272577,output/mutated_PDB_structures/ReBALmat-FLS-V4/e61acc5b_rep25.pdb
A28L+P279H+A391G+G416N+A475W,18,-1768.2564,2026-05-11T00:05:10.322691,2026-05-11T01:10:57.654496,output/mutated_PDB_structures/ReBALmat-FLS-V4/e61acc5b_rep18.pdb
A28L+P279H+A391G+G416N+A475W,28,-1763.1627,2026-05-11T00:05:10.431017,2026-05-11T01:10:58.860789,output/mutated_PDB_structures/ReBALmat-FLS-V4/e61acc5b_rep28.pdb
A28L+P279H+A391G+G416N+A475W,23,-1763.0507,2026-05-11T00:05:10.380409,2026-05-11T01:11:03.662884,output/mutated_PDB_structures/ReBALmat-FLS-V4/e61acc5b_rep23.pdb
A28L+P279H+A391G+G416N+A475W,9,-1772.7187,2026-05-11T00:05:10.210336,2026-05-11T01:11:08.274952,output/mutated_PDB_structures/ReBALmat-FLS-V4/e61acc5b_rep9.pdb
A28L+P279H+A391G+G416N+A475W,10,-1761.6131,2026-05-11T00:05:10.226540,2026-05-11T01:11:18.062185,output/mutated_PDB_structures/ReBALmat-FLS-V4/e61acc5b_rep10.pdb
A28L+P279H+A391G+G416N+A475W,17,-1777.1602,2026-05-11T00:05:10.314907,2026-05-11T01:11:18.868304,output/mutated_PDB_structures/ReBALmat-FLS-V4/e61acc5b_rep17.pdb
A28L+P279H+A391G+G416N+A475W,30,-1771.6412,2026-05-11T00:05:10.469132,2026-05-11T01:11:23.631072,output/mutated_PDB_structures/ReBALmat-FLS-V4/e61acc5b_rep30.pdb
A28L+P279H+A391G+G416N+A475W,26,-1765.5970,2026-05-11T00:05:10.411590,2026-05-11T01:11:30.929432,output/mutated_PDB_structures/ReBALmat-FLS-V4/e61acc5b_rep26.pdb
A28L+P279H+A391G+G416N+A475W,22,-1767.8293,2026-05-11T00:05:10.371564,2026-05-11T01:11:47.578105,output/mutated_PDB_structures/ReBALmat-FLS-V4/e61acc5b_rep22.pdb
A28L+P279H+A391G+G416N+A475W,2,-1781.6389,2026-05-11T00:05:10.056807,2026-05-11T01:12:08.269114,output/mutated_PDB_structures/ReBALmat-FLS-V4/e61acc5b_rep2.pdb
A28L+P279H+A391G+G416N+A475W,12,-1777.9373,2026-05-11T00:05:10.230590,2026-05-11T01:12:46.544979,output/mutated_PDB_structures/ReBALmat-FLS-V4/e61acc5b_rep12.pdb
