centroid_idx,repeat_idx,resid,chain,center_x,center_y,center_z,formaldehyde_score,glyceraldehyde_score,benzaldehyde_score,TPP_score,centroid_idx_plus1,formaldehyde_score_scaled,glyceraldehyde_score_scaled,benzaldehyde_score_scaled,TPP_score_scaled
0,0,1,A,17.04625,-22.064375,-15.729625000000002,-0.975,-3.046,-3.477,-5.252,1,84.02555910543131,22.044257112750262,14.413396342716252,6.8934449645109535
1,0,2,A,12.538666666666666,-23.954166666666666,-13.958833333333333,-1.063,-3.062,-3.745,-6.251,2,69.96805111821087,21.707060063224446,11.660160262995683,4.698178302239214
2,0,3,A,12.653571428571428,-20.703857142857142,-11.320142857142857,-1.081,-3.058,-3.751,-6.247,3,67.0926517571885,21.7913593256059,11.598520649270599,4.7069681587448065
3,0,4,A,9.838333333333331,-24.72566666666667,-9.104777777777777,-1.052,-3.057,-3.759,-6.129,4,71.72523961661341,21.812434141201262,11.516334497637148,4.966268925659787
4,0,5,A,11.209714285714284,-21.756714285714285,-5.860142857142857,-1.083,-3.052,-3.716,-6.2,5,66.77316293929712,21.917808219178077,11.958085062666937,4.810248972685518
5,0,6,A,14.1046,-23.4852,-3.5834,-1.084,-3.059,-3.753,-5.893,6,66.61341853035142,21.77028451001053,11.577974111362233,5.484870459489747
6,0,7,A,13.0194,-24.6882,-0.4217999999999999,-1.076,-3.054,-3.778,-5.392,7,67.89137380191693,21.875658587987353,11.321142387507702,6.585799986815212
7,0,8,A,13.07225,-20.961,1.4646249999999996,-1.08,-2.842,-3.422,-4.8,8,67.25239616613416,26.343519494204422,14.978426135196216,7.88669874964291
8,0,9,A,17.806272727272727,-23.199181818181817,4.252090909090909,-1.065,-2.827,-3.47,-4.09,9,69.6485623003195,26.659641728134876,14.485309225395518,9.446898279385586
9,0,10,A,14.181166666666664,-22.769833333333334,8.563833333333333,-1.034,-2.841,-3.72,-4.959,10,74.60063897763577,26.364594309799784,11.916991986850213,7.537301953545607
10,0,11,A,14.32522222222222,-18.04188888888889,11.632666666666664,-1.423,-3.906,-3.952,-5.44,11,12.460063897763556,3.9199157007376084,9.533593589480171,6.480321708748102
11,0,12,A,16.269166666666667,-22.628,12.552166666666666,-0.998,-2.84,-3.806,-4.165,12,80.3514376996805,26.38566912539515,11.033490856790628,9.282088469905727
12,0,13,A,17.613111111111113,-24.49811111111111,8.923222222222224,-1.022,-2.818,-3.493,-4.061,13,76.51757188498401,26.849315068493144,14.249024039449354,9.510624739051131
13,0,14,A,18.7515,-19.433125,8.168875,-1.412,-3.087,-3.981,-4.47,14,14.217252396166133,21.18018967334035,9.235668789808917,8.611861911354294
14,0,15,A,19.91525,-18.984875,13.1485,-1.427,-3.113,-3.997,-4.842,15,11.821086261980808,20.632244467860904,9.071296486542018,7.794405256334189
15,0,16,A,22.62733333333334,-24.02133333333333,12.556,-0.998,-2.407,-3.739,-4.854,16,80.3514376996805,35.51106427818757,11.721799876720773,7.768035686817411
16,0,17,A,24.17633333333333,-21.508333333333333,7.290000000000002,-0.973,-2.593,-3.704,-4.75,17,84.34504792332268,31.591148577449946,12.081364290117111,7.996571955962817
17,0,18,A,24.304428571428577,-17.979,6.853928571428573,-1.424,-3.557,-3.952,-4.87,18,12.300319488817888,11.275026343519489,9.533593589480171,7.732876260795039
18,0,19,A,25.281666666666663,-17.367333333333335,13.570499999999996,-1.429,-3.901,-3.954,-4.7,19,11.501597444089434,4.025289778714433,9.513047051571807,8.106445162282723
19,0,20,A,28.78922222222222,-19.85811111111111,12.370222222222225,-1.37,-2.409,-3.722,-4.59,20,20.926517571884954,35.46891464699684,11.896445448941853,8.348166216186518
20,0,21,A,31.41185714285714,-16.20442857142857,14.602714285714285,-1.415,-2.501,-3.091,-3.946,21,13.738019169329052,33.5300316122234,18.3788781590302,9.763333113586919
21,0,22,A,33.319111111111106,-15.741444444444443,9.603777777777776,-1.058,-2.47,-3.442,-4.082,22,70.76677316293927,34.18335089567966,14.77296075611259,9.464477992396771
22,0,23,A,36.535714285714285,-12.472,9.269142857142857,-1.059,-2.848,-3.489,-4.608,23,70.60702875399362,26.21707060063224,14.290117115266076,8.308611861911352
23,0,24,A,32.808375,-11.671625,6.813375,-1.21,-3.282,-3.601,-5.662,24,46.48562300319489,17.070600632244464,13.13951099239778,5.992484672687716
24,0,25,A,32.67057142857143,-9.102428571428572,3.466571428571428,-1.2,-3.302,-3.633,-4.747,25,48.08306709265175,16.64910432033719,12.810766385863982,8.003164348342011
25,0,26,A,29.958,-6.476,4.39475,-1.427,-3.69,-3.679,-4.917,26,11.821086261980808,8.472075869336138,12.338196013971645,7.629595446854329
26,0,27,A,28.638500000000004,-7.710166666666666,1.559,-1.2,-3.287,-3.629,-4.56,27,48.08306709265175,16.965226554267645,12.851859461680707,8.414090139978464
27,0,28,A,29.71355555555556,-11.866666666666667,3.315666666666667,-1.427,-3.294,-3.651,-5.425,28,11.821086261980808,16.8177028451001,12.625847544688721,6.513283670644075
28,0,29,A,28.338125,-8.713625,7.479875000000001,-1.426,-3.901,-3.858,-4.008,29,11.980830670926512,4.025289778714433,10.499280871173205,9.627090337750234
29,0,30,A,23.883375,-7.078375,4.133625,-1.427,-3.549,-3.034,0.122,30,11.821086261980808,11.443624868282399,18.964454489418532,18.702617179774535
30,0,31,A,23.569125,-11.007875,2.4301250000000003,-1.413,-3.242,-3.224,-4.538,31,14.057507987220427,17.913593256059006,17.012533388124098,8.46243435075922
31,0,32,A,26.01672727272728,-14.174454545454545,7.019181818181817,-1.428,-3.899,-3.906,-5.203,32,11.661341853035138,4.067439409905156,10.006163961372506,7.00112070670446
32,0,33,A,21.71433333333333,-9.8275,8.465333333333334,-1.424,-3.887,-3.978,-4.897,33,12.300319488817888,4.320337197049519,9.266488596671458,7.673544729382289
33,0,34,A,18.8515,-9.498625,5.144374999999999,-1.43,-3.901,-3.906,-5.329,34,11.341853035143764,4.025289778714433,10.006163961372506,6.724240226778297
34,0,35,A,18.950625,-14.549125,5.7322500000000005,-1.426,-3.868,-3.978,-5.694,35,11.980830670926512,4.720758693361429,9.266488596671458,5.9221658206429755
35,0,36,A,19.37175,-13.708,10.695625,-1.427,-3.896,-3.99,-5.782,36,11.821086261980808,4.130663856691249,9.143209369221283,5.72878897751994
36,0,37,A,15.812444444444443,-9.987666666666668,10.339444444444446,-1.427,-3.896,-3.993,-5.67,37,11.821086261980808,4.130663856691249,9.112389562358743,5.974904959676532
37,0,38,A,13.60275,-13.285,7.183,-1.428,-3.893,-3.954,-5.01,38,11.661341853035138,4.193888303477341,9.513047051571807,7.4252312830993015
38,0,39,A,14.713,-11.827,4.029142857142857,-1.426,-3.905,-3.908,-5.339,39,11.980830670926512,3.940990516332979,9.985617423464147,6.702265585514314
39,0,40,A,11.50311111111111,-15.029333333333332,2.3481111111111117,-1.133,-2.851,-3.902,-4.514,40,58.785942492012765,26.15384615384615,10.047257037189231,8.515173489792776
40,0,41,A,12.424,-11.524666666666668,-1.4063333333333332,-1.133,-3.772,-3.759,-5.881,41,58.785942492012765,6.7439409905163314,11.516334497637148,5.511240029006524
41,0,42,A,15.48485714285714,-9.056428571428572,-2.5797142857142856,-1.157,-3.77,-3.774,-6.201,42,54.952076677316285,6.786090621707053,11.362235463324428,4.808051508559122
42,0,43,A,12.123909090909091,-7.191181818181819,-4.844363636363636,-1.151,-2.826,-3.224,-4.626,43,55.91054313099041,26.680716543730238,17.012533388124098,8.269057507636186
43,0,44,A,16.688250000000004,-5.23475,-7.806749999999999,-1.165,-2.678,-3.508,-5.055,44,53.67412140575078,29.799789251844043,14.094925005136632,7.3263453974113855
44,0,45,A,18.993916666666667,-2.8056666666666668,-11.887083333333331,-1.14,-2.557,-3.423,-4.343,45,57.66773162939298,32.34984193888303,14.968152866242038,8.890939855406858
45,0,46,A,22.56528571428572,-4.109714285714285,-10.692571428571428,-1.065,-2.857,-3.516,-4.773,46,69.6485623003195,26.027397260273965,14.012738853503185,7.946030281055661
46,0,47,A,25.949,-1.5952499999999998,-9.6565,-1.263,-3.109,-3.903,-4.838,47,38.019169329073485,20.716543730242357,10.036983768235052,7.803195112839781
47,0,48,A,29.07325,-0.11775,-8.96325,-1.262,-3.137,-3.842,-4.575,48,38.178913738019155,20.126448893572178,10.663653174440105,8.381128178082491
48,0,49,A,28.3142,0.647,-5.6888000000000005,-1.273,-3.054,-3.884,-5.037,49,36.42172523961661,21.875658587987353,10.232175878364496,7.365899751686551
49,0,50,A,26.06085714285714,-2.499,-5.236571428571429,-1.206,-3.275,-3.853,-5.028,50,47.12460063897763,17.21812434141201,10.55064721594411,7.385676928824135
50,0,51,A,29.649625,-5.093249999999999,-7.83775,-1.174,-3.285,-3.721,-4.497,51,52.23642172523962,17.00737618545837,11.906718717896032,8.552530379941544
51,0,52,A,32.54458333333333,-5.283000000000001,-3.8695,-1.205,-3.283,-3.662,-4.649,52,47.2843450479233,17.0495258166491,12.512841586192728,8.218515832729029
52,0,53,A,26.304375,-6.45875,-2.302875,-1.186,-3.284,-3.564,-5.455,53,50.319488817891376,17.02845100105374,13.519621943702484,6.44735974685213
53,0,54,A,24.08308333333333,-7.617416666666667,-6.775083333333332,-1.174,-3.299,-3.51,-5.801,54,52.23642172523962,16.71232876712328,14.074378467228273,5.6870371591183755
54,0,55,A,30.263875,-10.986625,-5.886,-1.205,-3.277,-3.571,-5.19,55,47.2843450479233,17.17597471022128,13.447709061023213,7.029687740347636
55,0,56,A,28.127,-12.0972,-2.484,-1.206,-3.283,-3.606,-5.616,56,47.12460063897763,17.0495258166491,13.088144647626876,6.093568022502032
56,0,57,A,23.9045,-11.987,-3.69725,-1.213,-3.278,-3.508,-5.858,57,46.00638977635781,17.154899894625917,14.094925005136632,5.561781703913683
57,0,58,A,27.465666666666667,-17.063083333333335,-7.547499999999999,-1.174,-3.303,-3.554,-5.473,58,52.23642172523962,16.62802950474183,13.6223546332443,6.407805392576964
58,0,59,A,26.368,-17.73725,-2.41925,-1.208,-3.239,-3.595,-5.857,59,46.80511182108626,17.9768177028451,13.201150606122866,5.563979168040079
59,0,60,A,24.288363636363638,-15.734818181818182,0.1169999999999999,-1.201,-3.292,-3.491,-5.06,60,47.92332268370605,16.859852476290833,14.269570577357712,7.315358076779395
60,0,61,A,20.85357142857143,-20.053857142857144,-2.288428571428572,-1.063,-2.933,-3.527,-6.0,61,69.96805111821087,24.425711275026345,13.899732895007189,5.249741797965147
61,0,62,A,19.2475,-19.18725,1.633,-1.124,-2.839,-3.405,-5.08,62,60.22364217252394,26.406743940990513,15.1530717074173,7.271408794251431
62,0,63,A,18.15327272727273,-14.276181818181817,-0.8441818181818181,-1.11,-3.058,-3.493,-5.952,63,62.460063897763554,21.7913593256059,14.249024039449354,5.355220076032257
63,0,64,A,14.159199999999998,-15.998700000000005,-3.7235,-1.14,-3.774,-3.698,-6.001,64,57.66773162939298,6.701791359325599,12.143003903842201,5.247544333838747
64,0,65,A,17.639000000000003,-10.8464,-6.7803,-1.16,-3.051,-3.527,-6.249,65,54.47284345047924,21.938883034773436,13.899732895007189,4.702573230492011
65,0,66,A,13.765,-10.05414285714286,-8.255857142857144,-1.165,-3.043,-3.765,-5.867,66,53.67412140575078,22.107481559536346,11.454694883912058,5.542004526776098
66,0,67,A,16.777875,-8.343625000000001,-12.055625,-1.143,-3.046,-3.634,-6.208,67,57.1884984025559,22.044257112750262,12.8004931169098,4.792669259674334
67,0,68,A,13.994857142857144,-5.157857142857144,-11.680857142857144,-1.141,-2.856,-3.479,-4.624,68,57.507987220447276,26.048472075869334,14.39284980480789,8.273452435888982
68,0,69,A,14.503454545454543,-4.8118181818181816,-15.93881818181818,-1.168,-2.533,-3.422,-4.68,69,53.19488817891374,32.85563751317176,14.978426135196216,8.150394444810686
69,0,70,A,13.3172,1.4999,-13.0194,-1.169,-2.858,-3.369,-4.187,70,53.03514376996804,26.006322444678602,15.522909389767822,9.233744259124967
70,0,71,A,15.63922222222222,1.221,-9.798222222222222,-1.276,-2.87,-3.306,-4.513,71,35.94249201277954,25.75342465753424,16.170125333881238,8.517370953919174
71,0,72,A,9.620444444444445,3.1117777777777778,-9.867444444444445,-1.295,-3.08,-2.926,-4.646,72,32.9073482428115,21.3277133825079,20.073967536470104,8.225108225108222
72,0,73,A,9.8715,-1.535,-9.43325,-1.299,-2.939,-2.926,-4.554,73,32.26837060702875,24.299262381454156,20.073967536470104,8.427274924736851
73,0,74,A,11.8052,-2.6406,-7.011800000000001,-1.274,-2.535,-3.371,-3.162,74,36.261980830670915,32.81348788198103,15.502362851859461,11.486144988683057
74,0,75,A,10.404125,0.3246249999999999,-4.2333750000000006,-1.294,-2.869,-2.652,-3.128,75,33.06709265175717,25.7744994731296,22.888843229915757,11.560858768980593
75,0,76,A,6.5067,0.4169,-6.3587,-1.36,-3.07,-3.933,-3.472,76,22.523961661341822,21.538461538461537,9.728785699609617,10.804931109499636
76,0,77,A,7.625,-4.9394,-5.3728,-1.379,-3.033,-3.329,18.078,77,19.488817891373785,22.318229715489988,15.933840147935069,58.160283033379464
77,0,78,A,8.701800000000002,-4.4106000000000005,-2.0048000000000004,-1.173,-3.784,-2.454,25.738,78,52.396166134185286,6.4910432033719685,24.922950482843635,74.99285824158919
78,0,79,A,5.1035,-1.825875,-1.22775,-1.378,-3.697,-4.229,3.202,79,19.64856230031949,8.324552160168592,6.6878980891719735,25.470806689080796
79,0,80,A,3.6605,-5.55925,-2.1135,-1.381,-3.716,-4.209,4.805,80,19.169329073482412,7.924130663856681,6.893363468255602,28.99334168369701
80,0,81,A,6.867416666666666,-9.577083333333333,0.1049166666666667,-1.343,-3.679,-3.953,-4.914,81,25.23961661341852,8.70389884088514,9.523320320525992,7.636187839233523
81,0,82,A,4.7812,-5.862,2.502,-1.37,-3.71,-4.753,-5.524,82,20.926517571884954,8.050579557428867,1.3047051571810127,6.29573472213066
82,0,83,A,0.941181818181818,-2.797454545454545,1.1161818181818182,-1.382,-3.721,-4.366,-2.554,83,19.009584664536742,7.818756585879866,5.280460242449149,12.822203177533122
83,0,84,A,0.7575999999999998,-9.1214,1.4558,-1.369,-3.709,-4.222,-4.644,84,21.08626198083066,8.071654373024229,6.759810971851238,8.22950315336102
84,0,85,A,3.339571428571429,-10.422714285714289,3.939,-1.353,-3.719,-4.175,-5.364,85,23.64217252396165,7.860906217070597,7.242654612697762,6.647328982354361
85,0,86,A,3.4830000000000005,-7.94325,6.8165,-1.356,-3.719,-4.841,-5.982,86,23.16293929712457,7.860906217070597,0.4006574892130645,5.289296152240312
86,0,87,A,6.875444444444444,-10.277333333333331,6.130444444444445,-1.371,-3.677,-4.167,-5.549,87,20.766773162939284,8.746048472075863,7.324840764331212,6.240798118970705
87,0,88,A,9.959,-5.964142857142858,6.0004285714285714,-1.225,-3.208,-3.951,-5.579,88,44.08945686900957,18.630136986301363,9.543866858434352,6.174874195178762
88,0,89,A,10.53,-4.89925,2.544,-1.221,-3.791,-3.892,-4.68,89,44.72843450479231,6.343519494204421,10.149989726731047,8.150394444810686
89,0,90,A,13.927714285714286,-5.701,0.8657142857142858,-1.139,-2.851,-3.96,-2.78,90,57.827476038338645,26.15384615384615,9.451407437846722,12.325576284967147
90,0,91,A,15.064333333333332,-2.564,-1.7543333333333335,-1.151,-3.767,-3.43,30.641,91,55.91054313099041,6.849315068493146,14.896239983562767,85.76702485331926
91,0,92,A,19.048875,-3.6505,-3.348125,-1.138,-2.795,-3.434,-4.517,92,57.98722044728435,27.334035827186508,14.855146907746041,8.50858109741358
92,0,93,A,20.2118,0.1548,-5.209199999999999,-1.267,-2.889,-3.365,-4.436,93,37.38019169329074,25.353003161222343,15.564002465584545,8.686575691651832
93,0,94,A,23.20042857142857,1.8021428571428573,-7.273571428571429,-1.268,-2.87,-3.814,-4.635,94,37.220447284345035,25.75342465753424,10.95130470515718,8.249280330498603
94,0,95,A,24.682,4.998833333333333,-6.599666666666667,-1.268,-2.83,-3.88,-4.727,95,37.220447284345035,26.596417281348785,10.273268954181221,8.047113630869973
95,0,96,A,22.50025,7.7315,-7.583,-1.256,-2.87,-3.471,-4.385,96,39.137380191693275,25.75342465753424,14.475035956441337,8.798646362098136
96,0,97,A,20.985714285714288,7.000857142857143,-10.516428571428571,-1.258,-2.862,-3.343,-4.644,97,38.817891373801906,25.92202318229715,15.790014382576533,8.22950315336102
97,0,98,A,19.25825,4.3580000000000005,-8.269749999999998,-1.259,-2.877,-3.334,-4.532,98,38.658146964856236,25.605900948366706,15.882473803164165,8.475619135517611
98,0,99,A,18.8472,5.9458,-5.4506,-1.27,-2.882,-3.654,-3.732,99,36.90095846645366,25.500526870389876,12.595027737826175,10.233590436636119
99,0,100,A,17.33214285714286,8.923857142857143,-7.280857142857142,-1.272,-2.87,-3.456,-4.854,100,36.58146964856229,25.75342465753424,14.629134990754059,7.768035686817411
100,0,101,A,15.171874999999998,5.912999999999999,-9.710125,-1.272,-2.87,-3.358,-4.629,101,36.58146964856229,25.75342465753424,15.635915348263815,8.262465115256992
101,0,102,A,14.219625,4.15175,-4.953375,-1.266,-2.88,-3.357,-4.317,102,37.53993610223641,25.54267650158061,15.646188617217996,8.948073922693208
102,0,103,A,12.37885714285714,8.917857142857143,-4.178,-1.004,-2.883,-2.916,-4.59,103,79.39297124600638,25.479452054794514,20.176700226011917,8.348166216186518
103,0,104,A,8.461142857142857,7.764428571428572,-5.880142857142857,-1.295,-2.873,-2.909,-4.933,104,32.9073482428115,25.69020021074815,20.248613108691185,7.594436020831958
104,0,105,A,8.53675,4.7355,-3.18725,-0.894,-2.867,-2.921,-4.906,105,96.96485623003196,25.816649104320334,20.125333881241012,7.653767552244709
105,0,106,A,10.841875,6.01,-0.3510000000000001,-1.261,-2.884,-2.915,-3.948,106,38.33865814696486,25.458377239199155,20.186973494966097,9.75893818533412
106,0,107,A,7.021800000000001,8.3194,-0.588,-1.284,-2.884,-2.927,-4.035,107,34.66453674121404,25.458377239199155,20.06369426751592,9.567758806337483
107,0,108,A,4.524714285714286,5.5037142857142864,-1.695142857142857,-1.367,-3.712,-3.747,-4.644,108,21.405750798722032,8.008429926238135,11.639613725087324,8.22950315336102
108,0,109,A,5.7018,3.9172,1.8382,-1.36,-3.631,-4.531,-3.494,109,22.523961661341822,9.71548998946259,3.585370865009248,10.756586898718876
109,0,110,A,6.4768333333333326,8.505749999999999,5.305416666666667,-1.324,-3.515,-4.88,-5.57,110,28.27476038338656,12.160168598524756,0.0,6.194651372316344
110,0,111,A,2.155,8.970375,2.65625,-1.33,-3.48,-4.782,-5.482,111,27.316293929712437,12.897787144362482,1.0067803575097583,6.38802821543938
111,0,112,A,0.496875,4.322375,2.462125,-1.38,-3.71,-4.698,-7.208,112,19.329073482428118,8.050579557428867,1.869734949660977,2.595205133276197
112,0,113,A,2.5045,3.1421666666666668,6.5888333333333335,-1.381,-3.688,-4.837,-8.136,113,19.169329073482412,8.51422550052686,0.441750565029794,0.5559584239787287
113,0,114,A,4.8434285714285705,0.4685714285714284,3.882428571428572,-1.378,-3.723,-4.811,-5.348,114,19.64856230031949,7.776606954689143,0.7088555578385036,6.682488408376732
114,0,115,A,6.922428571428573,-2.0622857142857143,5.987571428571429,-1.379,-3.49,-4.816,-5.976,115,19.488817891373785,12.687038988408842,0.6574892130675987,5.302480936998701
115,0,116,A,10.106,-0.664625,3.126375,-1.265,-3.404,-4.042,-4.07,116,37.699680511182116,14.499473129610113,8.608999383603862,9.490847561913549
116,0,117,A,14.600714285714286,-2.0265714285714287,4.292857142857143,-1.427,-3.62,-3.926,-4.234,117,11.821086261980808,9.947312961011583,9.800698582288883,9.130463445184255
117,0,118,A,15.834714285714286,1.0584285714285715,1.3195714285714286,-1.27,-2.528,-2.681,18.31,118,36.90095846645366,32.961011591148576,22.590918430244503,58.670094710703836
118,0,119,A,19.720375,-1.4263750000000002,0.677,-1.275,-2.88,-3.933,30.58,119,36.102236421725244,25.54267650158061,9.728785699609617,85.63297954160896
119,0,120,A,21.61057142857143,2.4812857142857143,-1.0211428571428571,-1.272,-2.756,-3.49,-1.155,120,36.58146964856229,28.15595363540569,14.279843846311893,15.896455490364117
120,0,121,A,24.821,2.56425,-2.6115,-1.257,-2.876,-3.843,-3.104,121,38.97763578274761,25.62697576396206,10.653379905485926,11.61359790801415
121,0,122,A,27.5455,5.657875,-1.8685,-1.271,-3.03,-3.855,-4.896,122,36.741214057507996,22.38145416227608,10.530100678035751,7.675742193508689
122,0,123,A,30.675857142857144,6.714571428571428,-3.3160000000000003,-1.268,-2.856,-3.864,-4.861,123,37.220447284345035,26.048472075869334,10.43764125744812,7.752653437932625
123,0,124,A,34.377,5.657857142857144,-1.8738571428571429,-1.092,-2.869,-3.855,-4.967,124,65.33546325878592,25.7744994731296,10.530100678035751,7.519722240534422
124,0,125,A,34.03377777777777,6.513222222222222,3.239777777777777,-1.158,-2.736,-3.606,-4.432,125,54.792332268370615,28.577449947312957,13.088144647626876,8.695365548157422
125,0,126,A,37.11783333333334,9.395833333333334,-0.0069999999999999,-1.062,-2.868,-3.875,-4.447,126,70.12779552715654,25.79557428872497,10.324635298952126,8.662403586261453
126,0,127,A,34.30159999999999,10.676799999999998,-2.4294,-1.061,-3.056,-3.904,-5.032,127,70.28753993610223,21.833508956796624,10.02671049928087,7.376887072318541
127,0,128,A,31.48075,11.270375,0.4785,-1.266,-2.85,-3.892,-4.803,128,37.53993610223641,26.174920969441512,10.149989726731047,7.880106357263715
128,0,129,A,31.6775,15.622249999999998,-1.31,-1.266,-2.738,-3.647,-4.704,129,37.53993610223641,28.535300316122232,12.666940620505446,8.097655305777131
129,0,130,A,33.783857142857144,15.087285714285716,-4.22,-1.153,-2.748,-3.585,-5.127,130,55.59105431309903,28.324552160168594,13.30388329566468,7.168127980310719
130,0,131,A,30.688625,16.377,-6.9898750000000005,-1.273,-2.631,-3.501,-5.243,131,36.42172523961661,30.790305584826132,14.166837887815904,6.913222141648534
131,0,132,A,31.424,11.785,-7.5794,-1.268,-3.04,-3.893,-5.388,132,37.220447284345035,22.17070600632244,10.139716457776865,6.594589843320805
132,0,133,A,30.40127272727273,8.184636363636363,-11.723636363636365,-1.257,-3.107,-3.904,-5.033,133,38.97763578274761,20.758693361433078,10.02671049928087,7.374689608192144
133,0,134,A,27.065,6.986999999999999,-10.132333333333335,-1.26,-2.864,-3.909,-4.384,134,38.49840255591053,25.879873551106424,9.975344154509965,8.800843826224533
134,0,135,A,28.034222222222223,11.576666666666666,-5.150333333333333,-1.273,-2.858,-3.893,-5.215,135,36.42172523961661,26.006322444678602,10.139716457776865,6.974751137187683
135,0,136,A,23.967,11.137199999999998,-4.1354,-1.155,-3.063,-3.916,-4.869,136,55.27156549520765,21.685985247629073,9.903431271830696,7.735073724921439
136,0,137,A,22.498375,13.521499999999998,-0.286375,-1.259,-2.842,-3.62,-5.294,137,38.658146964856236,26.343519494204422,12.944318882268336,6.801151471202231
137,0,138,A,19.894125,9.373375,-0.8972499999999999,-1.259,-2.878,-3.644,-5.211,138,38.658146964856236,25.584826132771333,12.697760427367985,6.983540993693276
138,0,139,A,20.54825,10.600124999999998,3.51575,-1.265,-2.907,-3.642,-4.695,139,37.699680511182116,24.97365648050579,12.718306965276351,8.117432482914714
139,0,140,A,18.57425,14.24625,2.0615,-1.271,-2.92,-3.63,-4.893,140,36.741214057507996,24.69968387776607,12.841586192726526,7.682334585887883
140,0,141,A,17.019000000000002,13.287375000000004,-1.41375,-1.272,-3.059,-3.49,-4.921,141,36.58146964856229,21.77028451001053,14.279843846311893,7.620805590348735
141,0,142,A,15.194857142857142,10.415,1.6475714285714285,-1.273,-3.033,-2.796,-4.415,142,36.42172523961661,22.318229715489988,21.409492500513664,8.732722438306192
142,0,143,A,15.452125,13.48775,6.120375,-1.189,-2.944,-3.758,-5.405,143,49.840255591054294,24.193888303477344,11.526607766591328,6.557232953172036
143,0,144,A,11.452571428571428,13.937428571428567,4.167000000000001,-1.23,-3.419,-4.102,-5.827,144,43.29073482428114,14.183350895679656,7.992603246352985,5.629903091832024
144,0,145,A,10.38425,10.3895,2.412625,-1.264,-3.038,-4.048,-5.419,145,37.85942492012778,22.212855637513172,8.547359769878774,6.526468455402465
145,0,146,A,12.518,8.296999999999999,5.851,-1.255,-3.427,-4.098,-5.793,146,39.29712460063898,14.014752370916748,8.033696322169714,5.70461687212956
146,0,147,A,10.462666666666667,5.778111111111112,10.244333333333334,-1.267,-3.201,-4.101,-6.153,147,37.38019169329074,18.77766069546891,8.00287651530717,4.913529786626232
147,0,148,A,16.3885,6.5864,10.648799999999998,-1.156,-2.953,-3.811,-5.355,148,55.11182108626199,24.00421496311907,10.982124512019723,6.667106159491944
148,0,149,A,18.444666666666667,7.2605,7.574666666666666,-1.154,-2.955,-3.775,-5.408,149,55.43130990415336,23.96206533192834,11.351962194370248,6.550640560792842
149,0,150,A,20.84166666666667,3.874166666666666,9.651333333333332,-1.152,-2.951,-3.768,-5.261,150,55.750798722044735,24.046364594309793,11.423875077049518,6.873667787373369
150,0,151,A,26.060375,6.844875,6.252125,-1.266,-2.994,-3.643,-4.972,151,37.53993610223641,23.14014752370916,12.708033696322172,7.508734919902429
151,0,152,A,27.388,2.634571428571429,6.810428571428572,-1.148,-2.869,-3.473,-5.141,152,56.38977635782748,25.7744994731296,14.45448941853298,7.137363482541145
152,0,153,A,30.776,6.363818181818183,7.7124545454545474,-1.152,-2.72,-3.636,-4.896,153,55.750798722044735,28.914646996838773,12.779946579001436,7.675742193508689
153,0,154,A,32.879777777777775,1.0046666666666666,10.761444444444445,-1.057,-2.865,-3.504,-5.127,154,70.92651757188499,25.85879873551106,14.136018080953358,7.168127980310719
154,0,155,A,31.3588,-3.316,8.5006,-1.426,-2.857,-3.528,-4.543,155,11.980830670926512,26.027397260273965,13.889459626053007,8.45144703012723
155,0,156,A,32.163444444444444,-3.035555555555556,13.021666666666668,-1.427,-2.819,-3.535,-5.514,156,11.821086261980808,26.828240252897785,13.81754674337374,6.3177093633946395
156,0,157,A,28.156625,-0.8987499999999999,12.4935,-1.43,-3.868,-3.529,-6.014,157,11.341853035143764,4.720758693361429,13.87918635709883,5.218977300195571
157,0,158,A,26.248875,-3.873375,8.568125,-1.422,-3.901,-3.525,-4.654,158,12.61980830670926,4.025289778714433,13.920279432915553,8.207528512097038
158,0,159,A,24.955857142857145,-6.291142857142858,11.752857142857144,-1.427,-3.816,-3.94,-5.669,159,11.821086261980808,5.816649104320334,9.656872816930347,5.97710242380293
159,0,160,A,23.90627272727273,-1.5424545454545453,14.935272727272729,-1.423,-3.753,-3.537,-5.294,160,12.460063897763556,7.144362486828232,13.797000205465379,6.801151471202231
160,0,161,A,22.464125,-0.7021250000000001,10.9965,-1.427,-3.879,-3.826,-5.361,161,11.821086261980808,4.488935721812427,10.828025477707005,6.653921374733556
161,0,162,A,20.066375,-4.522374999999999,9.217375,-1.427,-3.868,-3.815,-5.734,162,11.821086261980808,4.720758693361429,10.941031436203,5.834267255587051
162,0,163,A,17.9809,-6.0018,14.6069,-1.425,-3.552,-3.989,-5.249,163,12.140575079872182,11.380400421496304,9.153482638175467,6.900037356890147
163,0,164,A,18.791000000000004,-0.6294444444444444,14.621444444444446,-1.427,-3.036,-3.827,-5.259,164,11.821086261980808,22.255005268703894,10.817752208752825,6.878062715626164
164,0,165,A,15.9094,-1.0614,10.4586,-1.428,-3.907,-3.819,-5.669,165,11.661341853035138,3.898840885142248,10.899938360386274,5.97710242380293
165,0,166,A,14.251,-5.147545454545455,9.311272727272726,-1.427,-3.895,-3.97,-5.26,166,11.821086261980808,4.15173867228661,9.348674748304909,6.875865251499767
166,0,167,A,12.4218,-2.2661000000000007,15.8127,-1.314,-3.046,-3.701,-4.824,167,29.87220447284343,22.044257112750262,12.112184096979657,7.833959610609355
167,0,168,A,12.69425,1.5457500000000002,12.88775,-1.231,-3.038,-4.11,-6.146,168,43.13099041533544,22.212855637513172,7.910417094719535,4.9289120355110185
168,0,169,A,10.0346,-0.4458,9.857,-1.265,-3.184,-4.005,-5.947,169,37.699680511182116,19.13593256059009,8.989110334908567,5.366207396664247
169,0,170,A,8.093666666666667,-2.9716666666666662,12.016333333333334,-1.375,-3.428,-4.817,-6.7,170,20.127795527156536,13.993677555321387,0.647215944113414,3.71151690948645
170,0,171,A,7.764,-0.7971428571428572,15.057,-1.32,-3.428,-4.821,-6.375,171,28.913738019169305,13.993677555321387,0.6061228682966937,4.425692750565846
171,0,172,A,4.6035,1.38975,15.04775,-1.326,-3.511,-4.831,-7.995,172,27.95527156549518,12.244467860906209,0.5033901787548746,0.865800865800864
172,0,173,A,2.940909090909091,5.724,11.041818181818185,-1.379,-3.721,-4.805,-8.146,173,19.488817891373785,7.818756585879866,0.7704951715635934,0.5339837827147439
173,0,174,A,4.042090909090908,-0.9717272727272728,9.927363636363635,-1.38,-3.691,-4.84,-8.35,174,19.329073482428118,8.451001053740777,0.41093075816724917,0.08570110092952665
174,0,175,A,8.078,2.4005,7.358500000000001,-1.37,-3.426,-4.804,-5.729,175,20.926517571884954,14.03582718651211,0.7807684405177688,5.845254576219041
175,0,176,A,10.299285714285714,3.897,5.106999999999999,-1.26,-3.402,-4.041,-5.877,176,38.49840255591053,14.541622760800834,8.61927265255804,5.520029885512118
176,0,177,A,14.43985714285714,2.4598571428571425,6.797857142857143,-1.24,-3.414,-4.08,-5.623,177,41.693290734824274,14.288724973656471,8.218615163344975,6.078185773617243
177,0,178,A,17.81625,4.6225000000000005,3.74125,-1.269,-2.957,-3.616,-5.363,178,37.060702875399365,23.91991570073762,12.985411958085061,6.649526446480758
178,0,179,A,20.560375000000004,1.17325,4.817749999999999,-1.266,-2.765,-3.103,-4.499,179,37.53993610223641,27.96628029504741,18.255598931580025,8.54813545168875
179,0,180,A,23.896625,4.6315,2.229,-1.269,-2.951,-3.57,-5.08,180,37.060702875399365,24.046364594309793,13.4579823299774,7.271408794251431
180,0,181,A,26.2365,0.6528749999999999,2.070875,-1.342,-2.677,-3.883,-3.217,181,25.399361022364193,29.820864067439405,10.242449147318675,11.365284461731157
181,0,182,A,29.752,2.918714285714285,1.5622857142857145,-1.272,-2.749,-3.882,-4.625,182,36.58146964856229,28.30347734457323,10.252722416272855,8.271254971762582
182,0,183,A,32.458333333333336,0.3927777777777778,-3.402222222222223,-1.268,-2.865,-3.843,-4.395,183,37.220447284345035,25.85879873551106,10.653379905485926,8.776671720834155
183,0,184,A,34.662,1.499125,1.115625,-1.059,-2.97,-3.834,-4.516,184,70.60702875399362,23.645943097997886,10.745839326073554,8.510778561539981
184,0,185,A,31.96357142857143,-0.3744285714285714,3.876142857142856,-1.262,-3.085,-3.58,-5.077,185,38.178913738019155,21.222339304531083,13.355249640435584,7.278001186630625
185,0,186,A,31.056833333333334,-3.377833333333333,0.8863333333333334,-1.201,-3.278,-3.898,-5.019,186,47.92332268370605,17.154899894625917,10.088350113005957,7.405454105961717
186,0,187,A,34.7662,-4.5798000000000005,1.0194,-1.208,-3.302,-3.78,-4.521,187,46.80511182108626,16.64910432033719,11.300595849599343,8.49979124090799
187,0,188,A,35.44733333333333,-3.318666666666667,5.751333333333333,-1.215,-3.28,-3.663,-5.12,188,45.68690095846643,17.112750263435196,12.502568317238547,7.183510229195505
188,0,189,A,37.544222222222224,-8.461111111111112,5.3614444444444445,-1.202,-3.258,-3.619,-5.143,189,47.763578274760384,17.576396206533186,12.954592151222515,7.132968554288349
189,0,190,A,34.940999999999995,-7.803399999999999,9.7742,-1.059,-2.868,-3.531,-4.484,190,70.60702875399362,25.79557428872497,13.858639819190463,8.58109741358472
190,0,191,A,34.114250000000006,-10.168125,13.706125,-1.043,-2.861,-3.523,-4.564,191,73.16293929712461,25.94309799789251,13.940825970823914,8.40530028347287
191,0,192,A,28.782909090909094,-11.708909090909094,11.65836363636364,-1.418,-3.899,-3.725,-5.062,192,13.25878594249201,4.067439409905156,11.865625642079308,7.310963148526597
192,0,193,A,29.636666666666663,-10.098777777777777,16.399,-1.426,-3.671,-3.517,-5.364,193,11.980830670926512,8.872497365648048,14.002465584549004,6.647328982354361
193,0,194,A,25.153285714285715,-12.228285714285713,15.822857142857142,-1.427,-3.857,-3.925,-5.709,194,11.821086261980808,4.95258166491042,9.810971851243067,5.889203858747004
194,0,195,A,22.31871428571429,-8.609285714285715,16.55485714285714,-1.417,-3.546,-3.943,-5.588,195,13.41853035143768,11.506849315068491,9.626053010067801,6.155097018041178
195,0,196,A,19.64642857142857,-10.507142857142856,19.545285714285715,-1.422,-3.552,-3.937,-5.751,196,12.61980830670926,11.380400421496304,9.687692623792891,5.796910365438281
196,0,197,A,19.564888888888888,-7.15588888888889,22.31022222222222,-1.425,-3.045,-3.933,-5.861,197,12.140575079872182,22.065331928345625,9.728785699609617,5.5551893115344875
197,0,198,A,17.002,-3.2725714285714287,19.597,-1.426,-3.884,-3.37,-5.252,198,11.980830670926512,4.383561643835612,15.512636120813642,6.8934449645109535
198,0,199,A,19.17325,0.117875,22.663500000000003,-1.236,-3.04,-3.817,-4.623,199,42.33226837060702,22.17070600632244,10.920484898294633,8.27564990001538
199,0,200,A,16.839125,2.54175,19.39375,-1.062,-3.039,-3.786,-5.365,200,70.12779552715654,22.1917808219178,11.238956235874253,6.645131518227962
200,0,201,A,19.088818181818183,8.378545454545453,22.959090909090907,-0.973,-2.918,-3.823,-4.963,201,84.34504792332268,24.74183350895679,10.858845284569549,7.5285120970400135
201,0,202,A,13.824,7.42075,21.87975,-1.03,-2.984,-3.805,-6.033,202,75.23961661341852,23.350895679662802,11.04376412574481,5.177225481794006
202,0,203,A,11.536,3.984666666666667,18.33366666666667,-1.185,-2.982,-3.906,-6.347,203,50.47923322683704,23.393045310853523,10.006163961372506,4.487221746104992
203,0,204,A,9.3395,2.95775,23.321625,-1.164,-3.194,-3.811,-5.94,204,53.833865814696495,18.925184404636454,10.982124512019723,5.381589645549034
204,0,205,A,6.87242857142857,1.996142857142857,20.431571428571427,-1.303,-3.408,-4.777,-6.534,205,31.629392971246006,14.41517386722866,1.0581467022806632,4.0762959544685415
205,0,206,A,2.765428571428572,3.111857142857143,22.79671428571429,-1.295,-3.506,-4.335,-5.376,206,32.9073482428115,12.349841938883035,5.598931580028765,6.620959412837582
206,0,207,A,1.6628571428571426,-1.3342857142857143,22.1,-1.327,-3.341,-4.532,-5.776,207,27.795527156549515,15.827186512118011,3.5750975960550635,5.741973762278329
207,0,208,A,-0.39375,-1.5805,25.936625000000003,-1.038,-2.868,-3.64,-4.837,208,73.96166134185303,25.79557428872497,12.73885350318471,7.805392576966179
208,0,209,A,-3.784,0.6252857142857142,25.859,-1.04,-3.042,-3.475,-4.8,209,73.64217252396165,22.128556375131716,14.433942880624612,7.88669874964291
209,0,210,A,-4.957375000000001,4.283250000000001,29.266875,-0.888,-3.053,-3.199,-4.854,210,97.92332268370608,21.896733403582715,17.269365111978633,7.768035686817411
210,0,211,A,-8.151555555555555,0.2716666666666667,31.791000000000004,-0.875,-3.047,-3.19,-4.517,211,100.0,22.023182297154893,17.36182453256626,8.50858109741358
211,0,212,A,-8.950999999999999,5.103375000000001,32.334,-0.894,-3.048,-3.2,-4.784,212,96.96485623003196,22.002107481559534,17.259091843024446,7.921858175665281
212,0,213,A,-9.083777777777778,6.734888888888888,27.55477777777778,-0.881,-3.037,-3.21,-4.423,213,99.04153354632588,22.233930453108535,17.156359153482637,8.715142725295006
213,0,214,A,-10.72857142857143,1.5234285714285711,26.928285714285717,-1.06,-2.932,-3.465,-4.395,214,70.4472843450479,24.446786090621707,14.536675570166427,8.776671720834155
214,0,215,A,-12.934125,2.016875,30.560375,-1.164,-2.887,-3.868,-4.961,215,53.833865814696495,25.39515279241306,10.396548181631395,7.532907025292809
215,0,216,A,-13.479555555555557,7.2187777777777775,28.854444444444443,-1.158,-3.186,-3.841,-5.607,216,54.792332268370615,19.093782929399364,10.673926443394285,6.113345199639613
216,0,217,A,-14.857125,3.644875,23.945125,-1.174,-3.05,-4.219,-4.746,217,52.23642172523962,21.95995785036881,6.7906307787137825,8.005361812468408
217,0,218,A,-16.634875,0.3943750000000001,26.72425,-1.178,-3.179,-4.227,-5.013,218,51.597444089456864,19.24130663856691,6.708444627080333,7.418638890720107
218,0,219,A,-19.670222222222225,5.278777777777777,29.42355555555556,-1.174,-3.105,-4.098,-5.581,219,52.23642172523962,20.80084299262381,8.033696322169714,6.170479266925964
219,0,220,A,-19.8048,5.6414,24.7264,-1.176,-3.149,-4.189,-5.339,220,51.91693290734825,19.873551106427815,7.098828847339221,6.702265585514314
220,0,221,A,-20.14675,1.987125,22.86075,-1.152,-3.179,-4.188,-5.308,221,55.750798722044735,19.24130663856691,7.109102116293406,6.770386973432657
221,0,222,A,-23.568,2.2552,25.8524,-1.148,-3.182,-4.229,-5.498,222,56.38977635782748,19.178082191780817,6.6878980891719735,6.35286878941701
222,0,223,A,-23.996,6.429666666666666,26.663,-1.158,-3.175,-4.184,-4.992,223,54.792332268370615,19.325605900948368,7.150195192110127,7.464785637374467
223,0,224,A,-24.908,5.236800000000001,21.678800000000003,-1.174,-3.155,-4.05,-5.18,224,52.23642172523962,19.747102212855637,8.526813231970413,7.051662381611619
224,0,225,A,-28.86044444444444,5.518888888888888,20.660777777777778,-1.178,-3.18,-3.936,-5.567,225,51.597444089456864,19.22023182297154,9.697965892747073,6.201243764695539
225,0,226,A,-27.17327272727272,8.63509090909091,15.762090909090908,-1.174,-2.822,-3.912,-5.241,226,52.23642172523962,26.76501580611169,9.944524347647421,6.917617069901333
226,0,227,A,-23.186714285714285,4.002,16.50357142857143,-1.175,-2.829,-3.902,-5.139,227,52.07667731629392,26.617492096944144,10.047257037189231,7.141758410793941
227,0,228,A,-20.056,4.810857142857143,13.135857142857144,-1.175,-2.836,-3.858,0.96,228,52.07667731629392,26.469968387776603,10.499280871173205,20.544092117696177
228,0,229,A,-16.771285714285714,1.9307142857142856,12.909285714285716,-1.179,-2.926,-3.256,34.77,229,51.43769968051116,24.57323498419388,16.6837887815903,94.84035423121718
229,0,230,A,-13.629,4.959125,10.367125,-1.325,-3.394,-4.356,3.234,230,28.115015974440887,14.710221285563744,5.38319293199096,25.54112554112554
230,0,231,A,-11.6338,1.4876,9.4326,-1.337,-3.726,-4.359,-6.076,231,26.198083067092643,7.71338250790305,5.352373125128415,5.082734524358889
231,0,232,A,-8.09125,1.5062500000000003,8.66525,-1.366,-3.702,-4.83,-8.052,232,21.565495207667702,8.219178082191775,0.5136634477090593,0.7405454105961714
232,0,233,A,-4.81675,0.5122500000000001,7.91825,-1.5,-3.703,-4.844,-8.389,233,0.15974440894566933,8.198103266596414,0.36983768235051967,0.0
233,0,234,A,-4.15625,-0.2785,10.93625,-1.477,-3.717,-4.862,-8.367,234,3.833865814696454,7.90305584826132,0.18491884117525983,0.048344210780755625
234,0,235,A,-6.842,-2.8428571428571425,11.002428571428572,-1.492,-3.703,-4.852,-8.185,235,1.437699680511166,8.198103266596414,0.2876515307170699,0.4482826817852173
235,0,236,A,-4.361714285714286,-4.155285714285713,7.667857142857144,-1.494,-3.71,-4.835,-8.065,236,1.1182108626197917,8.050579557428867,0.4622971029381541,0.7119783769529958
236,0,237,A,-0.2471666666666666,-2.149083333333333,7.874166666666666,-1.34,-3.713,-4.826,-8.231,237,25.718849840255565,7.987355110642774,0.5547565235257887,0.3471993319709044
237,0,238,A,-2.2365,-4.8445,13.498166666666668,-1.493,-3.517,-4.861,-6.6,238,1.2779552715654612,12.118018967334033,0.19519211012944448,3.931263322126265
238,0,239,A,-3.993,-7.8135,12.18625,-1.499,-3.648,-4.852,-6.746,239,0.31948881789133865,9.357218124341403,0.2876515307170699,3.6104335596721353
239,0,240,A,-7.0776,-6.7562,13.5596,-1.496,-3.432,-4.851,-5.282,240,0.7987220447284177,13.909378292939934,0.2979247996712545,6.827521040719008
240,0,241,A,-8.2603,-9.9286,10.6671,-1.477,-3.711,-4.086,-4.843,241,3.833865814696454,8.029504741833506,8.156975549619885,7.79220779220779
241,0,242,A,-9.624000000000002,-12.521,13.603444444444444,-1.488,-3.009,-4.088,-4.817,242,2.0766773162939143,22.824025289778714,8.136429011711526,7.849341859494141
242,0,243,A,-9.402,-9.053555555555556,16.62433333333333,-1.312,-2.874,-3.677,-4.937,243,30.191693290734804,25.669125395152786,12.358742551880008,7.585646164326365
243,0,244,A,-12.74725,-5.4201250000000005,13.609749999999998,-1.493,-3.31,-4.098,-4.288,244,1.2779552715654612,16.48050579557428,8.033696322169714,9.011800382358755
244,0,245,A,-15.370125000000002,-9.733,12.654749999999998,-1.499,-3.247,-4.1,-4.846,245,0.31948881789133865,17.80821917808219,8.013149784261355,7.785615399828595
245,0,246,A,-15.105666666666666,-10.701444444444444,18.425444444444445,-1.101,-2.446,-3.789,-4.745,246,63.897763578274756,34.689146469968385,11.20813642901171,8.007559276594806
246,0,247,A,-16.021272727272727,-4.354545454545454,18.297818181818183,-1.15,-2.571,-4.225,-4.179,247,56.0702875399361,32.054794520547944,6.7289911649887015,9.251323972136152
247,0,248,A,-18.522875,-5.212874999999999,14.406125,-1.471,-3.319,-4.097,-4.024,248,4.792332268370577,16.290832455216012,8.04396959112389,9.591930911727864
248,0,249,A,-19.916,-10.23988888888889,14.890444444444444,-1.394,-3.032,-4.095,-4.885,249,17.0926517571885,22.33930453108535,8.06451612903226,7.699914298899069
249,0,250,A,-20.372,-8.181857142857144,19.836142857142857,-1.148,-2.759,-3.799,-4.039,250,56.38977635782748,28.092729188619597,11.1054037394699,9.558968949831891
250,0,251,A,-21.153428571428574,-4.1127142857142855,18.973142857142854,-1.151,-3.183,-3.808,-4.243,251,55.91054313099041,19.157007376185458,11.012944318882269,9.11068626804667
251,0,252,A,-24.413888888888888,-5.58388888888889,15.827000000000002,-1.166,-2.816,-3.699,-4.803,252,53.51437699680511,26.891464699683876,12.132730634888022,7.880106357263715
252,0,253,A,-21.36075,-0.8785000000000001,15.595375,-1.174,-2.837,-3.882,-4.63,253,52.23642172523962,26.448893572181237,10.252722416272855,8.260267651130594
253,0,254,A,-22.53714285714285,0.2572857142857143,11.886,-1.171,-2.83,-3.86,-5.104,254,52.71565495207666,26.596417281348785,10.478734333264846,7.218669655217876
254,0,255,A,-18.10575,-0.932625,9.543875000000002,-1.476,-3.309,-3.89,-1.563,255,3.9936102236421593,16.501580611169643,10.170536264639406,14.999890126793677
255,0,256,A,-16.701142857142855,2.4505714285714286,7.224428571428571,-1.185,-3.613,-4.475,-2.501,256,50.47923322683704,10.09483667017913,4.160673926443397,12.938668776232227
256,0,257,A,-13.545285714285717,0.7952857142857143,5.209285714285714,-1.451,-3.63,-4.544,-6.41,257,7.987220447284319,9.736564805057952,3.4518183686048935,4.3487815061419095
257,0,258,A,-10.398714285714288,3.5584285714285717,4.548,-1.351,-3.698,-4.558,-7.797,258,23.961661341853024,8.30347734457323,3.3079926032463534,1.300898762827696
258,0,259,A,-8.692,3.07525,-0.094125,-1.383,-3.715,-4.537,-7.744,259,18.849840255591037,7.945205479452051,3.523731251284158,1.417364361526797
259,0,260,A,-5.4651250000000005,2.120625,2.7723750000000003,-1.35,-3.712,-4.709,-7.621,260,24.121405750798694,8.008429926238135,1.7567289911649915,1.6876524490737663
260,0,261,A,-8.9685,-0.74775,4.877750000000001,-1.497,-3.718,-4.804,-8.221,261,0.6389776357827128,7.881981032665958,0.7807684405177688,0.36917397323488527
261,0,262,A,-10.35775,-2.064125,1.63625,-1.493,-3.699,-4.516,-3.864,262,1.2779552715654612,8.282402528977869,3.739469899321963,9.943525171951565
262,0,263,A,-9.191,-5.9965,4.117,-1.48,-3.695,-4.606,-5.311,263,3.354632587859411,8.366701791359322,2.814875693445655,6.763794581053462
263,0,264,A,-9.89975,-5.4895,7.33675,-1.495,-3.701,-4.491,-4.991,264,0.958466453674087,8.240252897787137,3.9963016231764974,7.466983101500866
264,0,265,A,-14.866454545454546,-5.958727272727273,7.925454545454545,-1.496,-3.27,-4.138,-5.323,265,0.7987220447284177,17.323498419388823,7.622765564002465,6.737425011536684
265,0,266,A,-15.539142857142858,-8.493285714285715,5.7821428571428575,-1.474,-3.32,-4.2,-5.139,266,4.313099041533533,16.269757639620654,6.985822888843226,7.141758410793941
266,0,267,A,-16.683666666666664,-6.281833333333332,1.8951666666666669,-1.495,-3.321,-4.207,-5.235,267,0.958466453674087,16.24868282402528,6.913910006163962,6.93080185465972
267,0,268,A,-19.93525,-8.7565,2.59175,-1.493,-3.318,-4.089,-5.492,268,1.2779552715654612,16.311907270811375,8.12615574275734,6.3660535741754
268,0,269,A,-20.7262,-8.0892,7.335800000000001,-1.489,-3.162,-4.14,-5.176,269,1.9169329073482095,19.59957850368809,7.602219026094105,7.060452238117209
269,0,270,A,-25.06533333333333,-7.441222222222223,7.622,-1.171,-2.885,-4.166,-4.71,270,52.71565495207666,25.437302423603796,7.335114033285387,8.084470521018742
270,0,271,A,-22.97275,-4.247624999999999,9.6455,-1.168,-2.831,-3.789,-5.177,271,53.19488817891374,26.575342465753423,11.20813642901171,7.058254773990813
271,0,272,A,-18.701357142857145,-2.714285714285714,3.7182857142857135,-1.493,-3.139,-4.187,-5.614,272,1.2779552715654612,20.084299262381457,7.119375385247582,6.097962950754827
272,0,273,A,-21.610375000000005,1.259125,5.463,-1.195,-3.373,-4.21,-5.816,273,48.881789137380174,15.152792413066377,6.883090199301417,5.6540751972224035
273,0,274,A,-18.38375,0.991,2.60475,-1.37,-3.618,-4.177,-5.398,274,20.926517571884954,9.989462592202315,7.2221080747894,6.572615202056825
274,0,275,A,-15.1705,3.46175,0.742375,-1.258,-3.594,-4.556,-5.094,275,38.817891373801906,10.495258166491041,3.3285391411547143,7.240644296481857
275,0,276,A,-15.685857142857143,6.622857142857143,3.1590000000000003,-1.19,-3.617,-4.499,-2.497,276,49.680511182108624,10.010537407797676,3.9141154715430475,12.947458632737819
276,0,277,A,-15.976,10.04525,0.7719999999999999,-1.263,-3.595,-4.478,-5.415,277,38.019169329073485,10.47418335089567,4.129854119580853,6.535258311908056
277,0,278,A,-14.055375,12.16225,-3.03975,-1.352,-3.603,-4.527,-5.568,278,23.80191693290732,10.305584826132762,3.6264639408259685,6.199046300569142
278,0,279,A,-15.0818,8.8786,-5.3102,-1.356,-3.588,-4.512,-5.632,279,23.16293929712457,10.621707060063217,3.7805629751386927,6.058408596479661
279,0,280,A,-18.29075,7.05775,-1.59725,-1.267,-3.549,-4.452,-3.23,280,37.38019169329074,11.443624868282399,4.3969591123895615,11.336717428087983
280,0,281,A,-21.01042857142857,4.885428571428571,-0.092,-1.261,-3.334,-4.178,-5.799,281,38.33865814696486,15.974710221285557,7.211834805835217,5.691432087371171
281,0,282,A,-26.303083333333337,8.306666666666667,0.51375,-1.244,-2.898,-3.73,-4.377,282,41.05431309904152,25.16332982086406,11.814259297308402,8.816226075109322
282,0,283,A,-24.711,4.6011428571428565,3.3321428571428577,-1.191,-2.881,-4.208,-4.921,283,49.52076677316292,25.521601685985253,6.903636737209777,7.620805590348735
283,0,284,A,-21.0914,5.989800000000001,4.6284,-1.18,-3.464,-4.179,-3.65,284,51.2779552715655,13.2349841938883,7.201561536881032,10.413782495000765
284,0,285,A,-20.6965,9.667125,3.468,-1.194,-3.465,-3.146,-4.58,285,49.04153354632588,13.213909378292938,17.813848366550236,8.3701408574505
285,0,286,A,-25.678666666666665,10.655,4.751222222222221,-1.18,-2.424,-3.309,-4.977,286,51.2779552715655,35.152792413066386,16.139305527018692,7.497747599270439
286,0,287,A,-23.5238,7.636800000000001,8.715,-1.17,-2.427,-3.548,-5.088,287,52.87539936102237,35.08956796628029,13.683994246969384,7.253829081240247
287,0,288,A,-19.918125000000003,9.5905,9.119375,-1.12,-2.974,-3.181,-3.413,288,60.86261980830668,23.56164383561643,17.454283953153894,10.934581492957124
288,0,289,A,-22.227222222222224,13.824111111111112,8.598,-1.077,-3.047,-3.374,-4.991,289,67.73162939297124,22.023182297154893,15.471543044996917,7.466983101500866
289,0,290,A,-25.362250000000003,11.13875,11.8065,-1.052,-2.83,-3.83,-5.226,290,71.72523961661341,26.596417281348785,10.78693240189028,6.950579031797304
290,0,291,A,-22.92033333333333,10.210333333333333,13.972666666666669,-1.17,-3.036,-3.811,-5.466,291,52.87539936102237,22.255005268703894,10.982124512019723,6.42318764146175
291,0,292,A,-23.923625,9.62825,18.3455,-1.172,-3.044,-3.919,-5.497,292,52.55591054313099,22.086406743940987,9.872611464968152,6.355066253543409
292,0,293,A,-19.93675,7.381375,18.6355,-1.176,-3.011,-3.959,-5.387,293,51.91693290734825,22.78187565858798,9.461680706800903,6.5967873074472045
293,0,294,A,-16.793999999999997,8.503875,14.852124999999996,-1.175,-3.019,-3.928,-5.612,294,52.07667731629392,22.613277133825072,9.780152044380522,6.102357879007623
294,0,295,A,-15.44775,4.3557500000000005,16.743750000000002,-1.175,-3.18,-3.932,-1.286,295,52.07667731629392,19.22023182297154,9.739058968563796,15.608587689805962
295,0,296,A,-11.02975,6.37925,14.04975,-1.323,-3.405,-4.401,-6.243,296,28.434504792332266,14.47839831401475,4.920895829052806,4.715758015250398
296,0,297,A,-10.26275,1.89075,14.325375,-1.323,-3.491,-4.547,-6.006,297,28.434504792332266,12.66596417281348,3.4209985617423486,5.236557013206757
297,0,298,A,-6.494250000000001,3.30875,12.06925,-1.37,-3.674,-4.818,-8.19,298,20.926517571884954,8.809272918861954,0.6369426751592385,0.4372953611532288
298,0,299,A,-7.2996,6.3244,10.8756,-1.345,-3.707,-4.825,-8.082,299,24.920127795527147,8.113804004214959,0.5650297924799642,0.6746214868042247
299,0,300,A,-4.090181818181819,9.603727272727276,7.582727272727272,-1.327,-3.512,-4.79,-7.223,300,27.795527156549515,12.223393045310846,0.9245942058763083,2.5622431713802256
300,0,301,A,-9.822454545454546,11.389454545454544,10.664363636363635,-1.23,-3.48,-4.547,-6.698,301,43.29073482428114,12.897787144362482,3.4209985617423486,3.715911837739246
301,0,302,A,-7.969,11.329125,4.666,-1.244,-3.468,-4.549,-7.666,302,41.05431309904152,13.150684931506845,3.400452023833979,1.5887665633858503
302,0,303,A,-8.1635,15.0335,2.099875,-1.214,-3.608,-4.541,-5.664,303,45.84664536741214,10.200210748155945,3.482638175467429,5.98808974443492
303,0,304,A,-9.052545454545454,13.002636363636364,-0.8300909090909091,-1.225,-3.414,-4.513,-7.206,304,44.08945686900957,14.288724973656471,3.7702897061845078,2.5996000615289927
304,0,305,A,-12.367857142857142,10.524,4.240428571428572,-1.239,-3.627,-4.482,-7.485,305,41.85303514376994,9.799789251844045,4.088761043764123,1.986507570263913
305,0,306,A,-12.765428571428572,14.486999999999998,5.707571428571429,-1.208,-3.553,-4.502,-5.37,306,46.80511182108626,11.359325605900944,3.883295664680503,6.634144197595972
306,0,307,A,-13.778625,16.204375,1.725,-1.143,-3.611,-4.558,-5.107,307,57.1884984025559,10.136986301369854,3.3079926032463534,7.212077262838681
307,0,308,A,-15.849666666666666,21.22211111111111,4.4318888888888885,-1.1,-3.047,-3.39,-4.731,308,64.05750798722043,22.023182297154893,15.307170741730017,8.03832377436438
308,0,309,A,-12.547125,19.392,8.62225,-1.119,-3.05,-3.356,-5.217,309,61.02236421725239,21.95995785036881,15.65646188617218,6.970356208934887
309,0,310,A,-16.066111111111113,23.77544444444445,8.843444444444444,-1.119,-3.038,-3.419,-5.268,310,61.02236421725239,22.212855637513172,15.00924594205876,6.858285538488583
310,0,311,A,-18.759,19.509,9.207,-1.119,-3.053,-3.407,-4.571,311,61.02236421725239,21.896733403582715,15.132525169508938,8.389918034588085
311,0,312,A,-16.21636363636364,15.000272727272728,9.476272727272727,-1.194,-3.043,-3.409,-4.811,312,49.04153354632588,22.107481559536346,15.111978631600575,7.86252664425253
312,0,313,A,-19.056600000000003,14.698600000000004,12.3142,-1.126,-3.046,-3.328,-5.137,313,59.9041533546326,22.044257112750262,15.944113416889255,7.146153339046739
313,0,314,A,-21.436714285714285,17.368142857142857,13.111714285714283,-1.171,-3.036,-3.372,-4.859,314,52.71565495207666,22.255005268703894,15.49208958290528,7.757048366185419
314,0,315,A,-23.714375,15.758375,15.763625,-1.181,-3.037,-3.905,-4.892,315,51.1182108626198,22.233930453108535,10.01643723032669,7.6845320500142815
315,0,316,A,-19.778,13.312,16.953599999999998,-1.171,-3.044,-3.94,-5.317,316,52.71565495207666,22.086406743940987,9.656872816930347,6.750609796295073
316,0,317,A,-18.10822222222222,11.422888888888888,21.66577777777778,-1.17,-3.046,-3.852,-5.342,317,52.87539936102237,22.044257112750262,10.560920484898295,6.695673193135121
317,0,318,A,-14.428,11.564571428571426,18.29414285714285,-1.174,-3.046,-3.716,-5.654,318,52.23642172523962,22.044257112750262,11.958085062666937,6.010064385698902
318,0,319,A,-12.952000000000002,7.9506,19.0214,-1.194,-3.013,-3.398,-4.761,319,49.04153354632588,22.739726027397257,15.224984590096566,7.972399850572437
319,0,320,A,-8.2048,8.5937,16.9783,-1.306,-3.518,-4.818,-4.535,320,31.150159744408924,12.096944151738672,0.6369426751592385,8.469026743138414
320,0,321,A,-8.002875,3.82775,18.07475,-1.321,-3.463,-4.817,-3.631,321,28.753993610223638,13.256059009483659,0.647215944113414,10.45553431340233
321,0,322,A,-3.3775000000000004,5.4982500000000005,16.155,-1.297,-3.507,-4.858,-8.086,322,32.587859424920126,12.328767123287664,0.22601191699198933,0.6658316302986332
322,0,323,A,0.369875,3.20425,17.070875,-1.317,-3.519,-4.802,-8.318,323,29.392971246006383,12.0758693361433,0.8013149784261382,0.1560199529742671
323,0,324,A,1.192,7.97625,15.772625000000003,-1.325,-3.522,-4.866,-6.733,324,28.115015974440887,12.012644889357217,0.1438257653585395,3.6390005933153127
324,0,325,A,0.8892857142857142,9.785428571428572,19.11457142857143,-1.319,-3.467,-4.442,-5.975,325,29.07348242811501,13.171759747102204,4.499691801931371,5.3046784011251
325,0,326,A,0.7265999999999998,12.4084,16.004399999999997,-1.263,-3.506,-4.549,-6.001,326,38.019169329073485,12.349841938883035,3.400452023833979,5.247544333838747
326,0,327,A,-1.918,11.036666666666664,13.366222222222222,-1.267,-3.523,-4.536,-6.202,327,37.38019169329074,11.991570073761846,3.534004520238343,4.8058540444327225
327,0,328,A,-4.390375000000001,11.49175,18.190125,-1.267,-3.516,-4.445,-4.681,328,37.38019169329074,12.139093782929393,4.4688719950688265,8.148196980684288
328,0,329,A,-6.0065,15.5115,16.704,-1.182,-2.655,-3.262,-4.659,329,50.95846645367412,30.284510010537407,16.622149167865214,8.196541191465046
329,0,330,A,-3.0834444444444444,15.681555555555557,12.96388888888889,-1.264,-3.285,-4.091,-5.442,330,37.85942492012778,17.00737618545837,8.10560920484898,6.475926780495306
330,0,331,A,-6.915125,16.423375,11.043500000000002,-1.107,-3.04,-3.381,-5.413,331,62.939297124600635,22.17070600632244,15.399630162317651,6.539653240160852
331,0,332,A,-10.66157142857143,15.400999999999998,13.853571428571428,-1.195,-3.072,-4.275,-5.166,332,48.881789137380174,21.496311907270808,6.215327717279634,7.082426879381192
332,0,333,A,-11.394428571428572,17.20885714285714,17.03842857142857,-1.073,-3.043,-3.365,-5.405,333,68.370607028754,22.107481559536346,15.564002465584545,6.557232953172036
333,0,334,A,-10.146428571428572,13.532714285714288,19.90242857142857,-1.176,-3.044,-3.345,-5.558,334,51.91693290734825,22.086406743940987,15.769467844668169,6.221020941833123
334,0,335,A,-13.693125,13.52625,22.631625,-1.174,-3.008,-3.556,-5.615,335,52.23642172523962,22.845100105374076,13.601808095335935,6.095765486628428
335,0,336,A,-12.21575,9.06125,23.4755,-1.176,-3.003,-3.227,-4.435,336,51.91693290734825,22.950474183350888,16.981713581261555,8.68877315577823
336,0,337,A,-7.760428571428571,9.801142857142858,23.47942857142857,-1.295,-3.043,-3.239,-4.624,337,32.9073482428115,22.107481559536346,16.858434353811383,8.273452435888982
337,0,338,A,-7.147125000000001,5.167999999999999,22.397875,-1.268,-3.049,-3.192,-4.576,338,37.220447284345035,21.98103266596417,17.341277994657897,8.378930713956093
338,0,339,A,-2.231142857142857,5.644285714285715,22.25785714285714,-1.298,-3.328,-4.463,-4.834,339,32.42811501597443,16.101159114857744,4.283953153893567,7.8119849693453745
339,0,340,A,-2.2880000000000003,1.907,20.3215,-1.304,-3.424,-4.874,-6.682,340,31.4696485623003,14.077976817702842,0.06163961372508966,3.751071263761616
340,0,341,A,-1.918,-2.209125,18.628125,-1.315,-3.513,-4.858,-7.039,341,29.712460063897762,12.202318229715486,0.22601191699198933,2.9665765706374834
341,0,342,A,-5.602571428571429,-1.6975714285714287,16.657,-1.307,-3.523,-4.844,-8.24,342,30.990415335463258,11.991570073761846,0.36983768235051967,0.32742215483332043
342,0,343,A,-4.599555555555556,-7.222222222222222,17.636333333333333,-1.289,-3.429,-4.833,-6.505,343,33.86581469648562,13.972602739726025,0.4828436408465144,4.140022414134088
343,0,344,A,-3.951000000000001,-4.638857142857143,21.801571428571428,-1.325,-3.408,-4.676,-6.734,344,28.115015974440887,14.41517386722866,2.095746866652966,3.636803129188914
344,0,345,A,-7.345571428571429,-1.821,21.678,-1.323,-3.407,-4.746,-5.697,345,28.434504792332266,14.436248682824019,1.3766180398602779,5.915573428263781
345,0,346,A,-9.96575,-4.461500000000001,19.18325,-1.326,-3.334,-4.432,-4.642,346,27.95527156549518,15.974710221285557,4.602424491473181,8.233898081613814
346,0,347,A,-7.224666666666666,-8.290222222222223,22.18444444444444,-1.323,-3.348,-4.483,-4.772,347,28.434504792332266,15.679662802950473,4.078487774809947,7.9482277451820575
347,0,348,A,-8.8535,-4.80075,25.83475,-0.972,-2.439,-3.433,-4.658,348,84.50479233226838,34.83667017913593,14.865420176700225,8.198738655591445
348,0,349,A,-12.730125,-3.198875,23.473125,-1.15,-2.837,-3.868,-4.628,349,56.0702875399361,26.448893572181237,10.396548181631395,8.264662579383389
349,0,350,A,-13.6735,-7.908750000000001,22.201375,-1.15,-2.444,-3.761,-4.767,350,56.0702875399361,34.73129610115912,11.495787959728784,7.959215065814047
350,0,351,A,-11.095363636363636,-8.818,27.506181818181823,-1.091,-2.432,-3.421,-3.763,351,65.49520766773162,34.98419388830348,14.988699404150402,10.165469048717778
351,0,352,A,-15.672,-5.241666666666667,29.00877777777778,-1.149,-3.018,-4.198,-4.888,352,56.23003194888177,22.63435194942044,7.006369426751586,7.693321906519874
352,0,353,A,-18.3188,-5.764399999999999,24.5344,-1.147,-2.94,-4.159,-4.509,353,56.549520766773156,24.278187565858797,7.407026915964661,8.526160810424766
353,0,354,A,-22.078444444444447,-5.179333333333334,26.170222222222225,-1.148,-3.168,-4.18,-5.095,354,56.38977635782748,19.473129610115905,7.191288267926856,7.238446832355461
354,0,355,A,-27.02890909090909,-5.506909090909091,20.631727272727268,-1.149,-2.667,-4.193,-3.67,355,56.23003194888177,30.031612223393044,7.057735771522501,10.369833212472804
355,0,356,A,-25.571428571428573,-1.4534285714285715,20.43557142857143,-1.14,-3.021,-4.254,-4.283,356,57.66773162939298,22.57112750263435,6.431066365317448,9.022787702990746
356,0,357,A,-30.103874999999995,0.440625,22.064125,-1.169,-2.824,-3.853,-5.26,357,53.03514376996804,26.722866174920966,10.55064721594411,6.875865251499767
357,0,358,A,-29.0462,0.8413999999999999,17.559,-1.169,-2.831,-4.184,-5.592,358,53.03514376996804,26.575342465753423,7.150195192110127,6.146307161535587
358,0,359,A,-31.990625,-1.73275,16.572875000000003,-1.164,-2.833,-3.836,-5.11,359,53.833865814696495,26.53319283456269,10.725292788165195,7.205484870459487
359,0,360,A,-34.40544444444444,3.0373333333333337,15.563777777777776,-1.166,-2.822,-3.821,-5.581,360,53.51437699680511,26.76501580611169,10.87939182247791,6.170479266925964
360,0,361,A,-28.1145,4.732142857142857,12.608714285714289,-1.173,-2.834,-3.802,-5.739,361,52.396166134185286,26.51211801896733,11.074583932607354,5.8232799349550595
361,0,362,A,-28.774454545454542,-1.4714545454545451,13.804636363636364,-1.168,-2.827,-3.864,-4.706,362,53.19488817891374,26.659641728134876,10.43764125744812,8.093260377524333
362,0,363,A,-32.7218,0.2556,9.8976,-1.171,-2.841,-3.887,-5.475,363,52.71565495207666,26.364594309799784,10.20135607150195,6.403410464324169
363,0,364,A,-32.214333333333336,4.587,8.253333333333336,-1.172,-2.821,-3.79,-4.489,364,52.55591054313099,26.786090621707054,11.19786316005753,8.57011009295273
364,0,365,A,-27.78675,2.156,7.77225,-1.182,-2.881,-4.176,-5.62,365,50.95846645367412,25.521601685985253,7.232381343743577,6.084778165996438
365,0,366,A,-30.478,-0.7114,5.5704,-1.168,-2.86,-4.156,-5.937,366,53.19488817891374,25.964172813487878,7.437846722827206,5.388182037928228
366,0,367,A,-32.5094,1.6728,3.9264,-1.179,-2.9,-3.883,-5.23,367,51.43769968051116,25.121180189673336,10.242449147318675,6.94178917529171
367,0,368,A,-29.607,5.793571428571428,4.647428571428572,-1.171,-2.883,-4.21,-5.004,368,52.71565495207666,25.479452054794514,6.883090199301417,7.438416067857691
368,0,369,A,-26.968444444444444,-0.8866666666666667,1.7513333333333334,-1.26,-3.158,-4.198,-5.641,369,38.49840255591053,19.683877766069543,7.006369426751586,6.038631419342077
369,0,370,A,-33.58990909090909,-1.057818181818182,0.3968181818181818,-1.252,-2.834,-3.874,-5.18,370,39.776357827476026,26.51211801896733,10.334908567906306,7.051662381611619
370,0,371,A,-33.26500000000001,3.6654444444444447,-0.5073333333333332,-1.261,-2.83,-3.716,-4.311,371,38.33865814696486,26.596417281348785,11.958085062666937,8.961258707451599
371,0,372,A,-28.646285714285717,4.804285714285714,-2.509571428571429,-1.355,-3.064,-4.183,-6.039,372,23.322683706070276,21.664910432033714,7.160468461064311,5.164040697035619
372,0,373,A,-27.38914285714286,1.5438571428571428,-4.518571428571429,-1.359,-3.414,-4.202,-5.479,373,22.683706070287528,14.288724973656471,6.965276350934866,6.394620607818576
373,0,374,A,-22.838875,1.372125,-5.67525,-1.359,-3.331,-4.197,-5.694,374,22.683706070287528,16.03793466807165,7.016642695705771,5.9221658206429755
374,0,375,A,-26.959818181818186,4.118545454545455,-9.513454545454548,-1.36,-3.378,-4.194,-5.84,375,22.523961661341822,15.04741833508956,7.047462502568316,5.601336058188848
375,0,376,A,-23.10416666666666,0.0674999999999997,-13.66775,-1.351,-3.299,-3.611,-4.974,376,23.961661341853024,16.71232876712328,13.036778302855964,7.504339991649633
376,0,377,A,-26.254,3.436333333333333,-17.96333333333333,-1.36,-3.375,-3.638,-5.172,377,22.523961661341822,15.110642781875653,12.759400041093075,7.069242094622803
377,0,378,A,-25.093,-1.755125,-18.4905,-1.358,-3.386,-3.632,-4.363,378,22.843450479233198,14.878819810326652,12.821039654818161,8.846990572878894
378,0,379,A,-24.00866666666667,-1.477,-22.313333333333333,-1.221,-3.368,-3.643,-4.733,379,44.72843450479231,15.258166491043202,12.708033696322172,8.033928846111586
379,0,380,A,-25.704,-4.430375,-24.633000000000003,-1.054,-2.858,-3.146,-4.599,380,71.40575079872204,26.006322444678602,17.813848366550236,8.328389039048934
380,0,381,A,-22.80385714285714,-1.4722857142857144,-27.27642857142857,-1.047,-2.973,-3.2,-4.147,381,72.52396166134186,23.582718651211803,17.259091843024446,9.321642824180893
381,0,382,A,-20.173111111111112,0.9382222222222224,-24.73833333333333,-1.053,-3.133,-3.592,-5.233,382,71.56549520766774,20.21074815595363,13.231970412985412,6.935196782912517
382,0,383,A,-16.932000000000002,-2.90725,-21.869875,-1.335,-3.77,-3.197,-4.572,383,26.51757188498402,6.786090621707053,17.289911649886992,8.387720570461685
383,0,384,A,-19.59233333333333,0.1535555555555556,-18.989555555555555,-1.356,-3.385,-3.639,-5.73,384,23.16293929712457,14.899894625922022,12.749126772138897,5.843057112092643
384,0,385,A,-15.734857142857145,-0.0604285714285714,-16.300285714285714,-1.361,-4.068,-4.487,-5.205,385,22.364217252396156,0.5057955742887256,4.037394698993218,6.996725778451665
385,0,386,A,-18.32077777777777,-0.1407777777777776,-13.646333333333336,-1.347,-3.363,-3.638,-5.418,386,24.600638977635775,15.363540569020016,12.759400041093075,6.528665919528861
386,0,387,A,-19.366714285714288,-6.546214285714287,-16.86078571428571,-1.094,-2.395,-3.31,-4.384,387,65.01597444089455,35.76396206533193,16.129032258064516,8.800843826224533
387,0,388,A,-14.764714285714286,-5.476999999999999,-15.95557142857143,-1.279,-2.427,-3.098,-4.387,388,35.46325878594249,35.08956796628029,18.306965276350933,8.794251433845341
388,0,389,A,-14.298,-4.687374999999999,-11.594125,-1.335,-3.756,-3.859,-4.585,389,26.51757188498402,7.081138040042148,10.489007602219026,8.359153536818509
389,0,390,A,-19.08522222222222,-6.492222222222222,-11.135666666666667,-1.192,-2.429,-3.952,-5.561,390,49.36102236421725,35.04741833508957,9.533593589480171,6.214428549453928
390,0,391,A,-15.875875,-10.214125,-14.81075,-1.11,-2.775,-3.344,-4.341,391,62.460063897763554,27.75553213909378,15.779741113622356,8.895334783659655
391,0,392,A,-12.50025,-9.517625,-12.156625,-1.031,-2.83,-3.196,-4.421,392,75.07987220447285,26.596417281348785,17.300184918841172,8.719537653547803
392,0,393,A,-16.42225,-10.507833333333334,-6.789666666666666,-1.105,-2.717,-3.95,-5.279,393,63.25878594249201,28.977871443624863,9.554140127388532,6.834113433098203
393,0,394,A,-18.473,-12.736,-10.704666666666666,-1.099,-2.771,-3.205,-4.605,394,64.21725239616613,27.839831401475234,17.20772549825354,8.315204254290546
394,0,395,A,-14.168857142857144,-14.990142857142857,-11.824142857142858,-1.035,-2.804,-3.321,-5.363,395,74.44089456869011,27.14436248682824,16.01602629956852,6.649526446480758
395,0,396,A,-11.851285714285714,-14.196142857142858,-8.255428571428572,-1.104,-2.866,-3.274,-5.858,396,63.418530351437674,25.837723919915696,16.49886994041504,5.561781703913683
396,0,397,A,-14.946111111111112,-17.09611111111111,-6.131444444444445,-1.111,-2.831,-3.298,-5.606,397,62.30031948881789,26.575342465753423,16.25231148551469,6.115542663766012
397,0,398,A,-12.679,-12.6385,-3.65625,-1.477,-2.836,-3.302,-5.485,398,3.833865814696454,26.469968387776603,16.211218409697963,6.381435823060186
398,0,399,A,-10.561,-16.168,-2.896555555555556,-1.45,-3.084,-3.557,-5.833,399,8.146964856230023,21.243414120126445,13.591534826381753,5.616718307073635
399,0,400,A,-7.814,-12.354,-5.042999999999999,-1.492,-3.088,-3.477,-5.843,400,1.437699680511166,21.15911485774499,14.413396342716252,5.594743665809654
400,0,401,A,-4.05675,-10.616625,-4.061625,-1.476,-3.711,-4.212,-5.236,401,3.9936102236421593,8.029504741833506,6.862543661393057,6.928604390533323
401,0,402,A,-6.430857142857144,-6.804142857142858,-5.9430000000000005,-1.376,-3.647,-4.156,22.01,402,19.968051118210866,9.378292939936774,7.437846722827206,66.80071197837695
402,0,403,A,-3.0138571428571432,-4.788857142857142,-7.471142857142858,-1.335,-3.479,-3.181,37.118,403,26.51757188498402,12.918861959957843,17.454283953153894,100.0
403,0,404,A,-4.6295714285714284,-0.8467142857142856,-7.919,-1.334,-4.06,-4.593,-3.195,404,26.677316293929685,0.674394099051634,2.9484281898500093,11.413628672511917
404,0,405,A,-2.43175,2.127375,-10.814625,-1.337,-4.051,-4.588,-6.661,405,26.198083067092643,0.8640674394098944,2.9997945346209147,3.797218010415979
405,0,406,A,-3.815857142857143,5.703428571428573,-9.631571428571428,-1.333,-4.085,-4.582,-5.699,406,26.83706070287539,0.14752370916753793,3.061434148346004,5.911178500010986
406,0,407,A,-7.827250000000001,6.17375,-10.698,-1.339,-4.083,-4.584,-5.479,407,25.87859424920127,0.18967334035826036,3.040887610437644,6.394620607818576
407,0,408,A,-11.714444444444446,6.506777777777778,-13.204444444444444,-1.341,-4.092,-4.593,-6.142,408,25.5591054313099,0.0,2.9484281898500093,4.93770189201661
408,0,409,A,-8.3342,2.1092000000000004,-12.2858,-1.338,-4.089,-4.595,-6.656,409,26.038338658146937,0.0632244467860743,2.9278816519416493,3.8082053310479695
409,0,410,A,-7.987444444444445,3.2623333333333338,-7.462666666666667,-1.336,-4.049,-4.585,-6.125,410,26.357827476038313,0.9062170706006168,3.0306143414834597,4.975058782165379
410,0,411,A,-11.892375,4.34525,-6.977125,-1.353,-4.084,-4.558,-5.64,411,23.64217252396165,0.1685985247629085,3.3079926032463534,6.0408288834684765
411,0,412,A,-14.500285714285711,2.559071428571429,-11.815285714285713,-1.357,-4.086,-4.601,-6.156,412,23.003194888178903,0.12644889357216735,2.8662420382165594,4.906937394247038
412,0,413,A,-12.1238,-1.628,-7.542400000000001,-1.358,-4.069,-4.508,1.859,413,22.843450479233198,0.48472075869335496,3.821656050955413,22.519612367328097
413,0,414,A,-13.0314,-0.1583999999999999,-4.3448,-1.498,-3.622,-4.55,-3.986,414,0.4792332268370435,9.90516332982086,3.3901787548798037,9.67543454853099
414,0,415,A,-16.84566666666667,1.524,-5.7458888888888895,-1.359,-3.632,-4.464,-5.92,415,22.683706070287528,9.69441517386722,4.273679884939383,5.425538928076997
415,0,416,A,-18.354454545454544,-1.8831818181818183,-8.071727272727275,-1.361,-3.323,-4.204,-5.752,416,22.364217252396156,16.206533192834556,6.944729813026507,5.794712901311884
416,0,417,A,-12.96,-7.303583333333333,-5.74125,-1.287,-3.545,-3.954,-4.63,417,34.185303514377,11.527924130663852,9.513047051571807,8.260267651130594
417,0,418,A,-17.531000000000002,-7.581333333333333,-2.7011111111111115,-1.497,-3.126,-4.195,-5.939,418,0.6389776357827128,20.35827186512118,7.037189233614131,5.383787109675432
418,0,419,A,-11.771545454545452,-7.182545454545456,-1.0846363636363636,-1.489,-3.688,-4.226,-4.887,419,1.9169329073482095,8.51422550052686,6.7187178960345175,7.695519370646273
419,0,420,A,-12.759333333333332,-12.371333333333332,1.6316666666666666,-1.498,-3.295,-4.102,-5.239,420,0.4792332268370435,16.79662802950474,7.992603246352985,6.922011998154128
420,0,421,A,-9.453777777777775,-13.584,2.425,-1.44,-3.308,-4.084,-5.074,421,9.744408945686892,16.522655426765017,8.177522087528253,7.284593579009821
421,0,422,A,-6.844142857142858,-10.768857142857142,4.778,-1.47,-3.703,-4.099,-5.042,422,4.952076677316281,8.198103266596414,8.023423053215529,7.3549124310545615
422,0,423,A,-2.538727272727273,-8.090363636363636,4.756090909090909,-1.478,-3.707,-4.724,-4.492,423,3.6741214057507845,8.113804004214959,1.6026299568522675,8.563517700573536
423,0,424,A,-6.400666666666667,-8.8465,-0.5978333333333333,-1.501,-3.711,-4.199,-4.881,424,0.0,8.029504741833506,6.996096157797411,7.708704155404661
424,0,425,A,-7.164857142857143,-2.818214285714286,-2.277428571428572,-1.49,-3.676,-4.3,-3.102,425,1.7571884984025399,8.767123287671224,5.9584959934251085,11.617992836266945
425,0,426,A,-2.253625,-3.992375,-2.8802499999999998,-1.376,-3.717,-4.165,2.192,426,19.968051118210866,7.90305584826132,7.345387302239572,23.251367921418677
426,0,427,A,-3.4568571428571424,0.8734285714285716,-3.333142857142857,-1.375,-3.689,-4.56,-5.639,427,20.127795527156536,8.4931506849315,3.2874460653379933,6.043026347594873
427,0,428,A,-1.3059999999999998,4.153666666666666,-3.948,-1.377,-3.696,-4.56,-5.72,428,19.80830670926516,8.345626975763953,3.2874460653379933,5.865031753356624
428,0,429,A,-3.19625,6.4985,-1.60475,-1.375,-3.686,-4.55,-5.593,429,20.127795527156536,8.556375131717592,3.3901787548798037,6.1441096974091876
429,0,430,A,-1.5059999999999998,8.9775,-0.29325,-1.292,-3.413,-4.511,-5.69,430,33.38658146964855,14.309799789251842,3.7908362440928682,5.930955677148567
430,0,431,A,1.6967499999999998,9.778875,-3.0649999999999995,-1.185,-3.285,-4.359,-5.561,431,50.47923322683704,17.00737618545837,5.352373125128415,6.214428549453928
431,0,432,A,-0.85025,8.470749999999999,-5.944500000000001,-1.333,-3.877,-4.556,-5.6,432,26.83706070287539,4.531085353003159,3.3285391411547143,6.128727448524401
432,0,433,A,1.9395714285714285,6.411142857142857,-7.225714285714285,-1.332,-3.872,-4.554,-5.748,433,26.99680511182106,4.636459430979975,3.349085679063074,5.803502757817476
433,0,434,A,0.4649999999999998,6.839499999999999,-11.93125,-1.328,-4.084,-4.579,-5.598,434,27.63578274760381,0.1685985247629085,3.092253955208549,6.133122376777197
434,0,435,A,2.8805,2.514,-11.551,-1.311,-3.622,-4.213,-4.711,435,30.351437699680506,9.90516332982086,6.852270392438872,8.082273056892344
435,0,436,A,1.730818181818182,0.6133636363636364,-6.749909090909091,-1.349,-3.716,-4.551,-3.365,436,24.2811501597444,7.924130663856681,3.379905485925619,11.040059771024236
436,0,437,A,0.34225,-1.942,-9.6575,-1.33,-4.08,-4.586,0.572,437,27.316293929712437,0.2528977871443534,3.0203410725292748,19.691476036653697
437,0,438,A,2.8139090909090907,-4.872636363636364,-13.271090909090912,-1.301,-2.477,-2.91,-2.311,438,31.948881789137378,34.035827186512115,20.238339839737,13.35618696024787
438,0,439,A,5.009428571428572,-3.3651428571428568,-9.945,-1.301,-2.486,-2.69,-0.871,439,31.948881789137378,33.84615384615384,22.49845900965687,16.520535302261187
439,0,440,A,2.6951666666666667,-4.435333333333333,-6.578499999999999,-1.342,-3.58,-3.842,26.338,440,25.399361022364193,10.790305584826125,10.663653174440105,76.31133671742809
440,0,441,A,1.837,-7.7258,-8.2242,-1.328,-2.719,-3.779,7.682,441,27.63578274760381,28.93572181243414,11.310869118553523,35.315445975344446
441,0,442,A,5.64275,-8.68975,-9.294875,-1.311,-3.047,-3.762,-5.022,442,30.351437699680506,22.023182297154893,11.485514690774604,7.398861713582523
442,0,443,A,5.31225,-9.107,-4.93525,-1.34,-3.711,-4.219,-4.931,443,25.718849840255565,8.029504741833506,6.7906307787137825,7.598830949084753
443,0,444,A,2.349,-10.4094,-4.1648,-1.365,-3.704,-4.204,-4.975,444,21.725239616613408,8.177028451001043,6.944729813026507,7.502142527523237
444,0,445,A,2.2856666666666667,-13.885333333333334,-7.219,-1.148,-3.084,-3.722,-6.52,445,56.38977635782748,21.243414120126445,11.896445448941853,4.107060452238116
445,0,446,A,7.3065,-13.688375,-5.464625,-1.2,-3.067,-3.734,-6.154,446,48.08306709265175,21.60168598524762,11.773166221491678,4.911332322499833
446,0,447,A,4.5124,-13.9774,-1.4914,-1.125,-3.772,-3.706,-5.376,447,60.06389776357827,6.7439409905163314,12.060817752208752,6.620959412837582
447,0,448,A,1.172818181818182,-15.087454545454545,-1.0207272727272727,-1.111,-2.941,-3.725,-5.611,448,62.30031948881789,24.257112750263435,11.865625642079308,6.104555343134022
448,0,449,A,3.123999999999999,-18.471571428571423,-5.191285714285715,-1.137,-3.069,-3.755,-6.486,449,58.14696485623002,21.5595363540569,11.557427573453873,4.181774232535653
449,0,450,A,-0.073625,-21.001625,-4.765125,-1.09,-3.075,-3.709,-6.488,450,65.6549520766773,21.433087460484714,12.029997945346208,4.177379304282855
450,0,451,A,-3.3799999999999994,-15.798727272727271,-2.9841818181818183,-1.495,-3.066,-3.549,-5.825,451,0.958466453674087,21.62276080084299,13.673720978015206,5.63429802008482
451,0,452,A,-4.960571428571429,-15.370571428571427,-7.895285714285714,-1.135,-3.077,-3.588,-5.834,452,58.4664536741214,21.39093782929399,13.273063488802133,5.614520842947238
452,0,453,A,-2.2728571428571427,-11.82185714285714,-8.292857142857143,-1.14,-3.085,-3.724,-5.89,453,57.66773162939298,21.222339304531083,11.875898911033488,5.491462851868942
453,0,454,A,-5.456428571428572,-9.287571428571429,-10.151857142857144,-1.296,-3.076,-3.57,-4.224,454,32.747603833865796,21.41201264488935,13.4579823299774,9.152438086448237
454,0,455,A,-3.1016666666666666,-5.9645,-11.836666666666666,-1.296,0.653,4.835,36.599,455,32.747603833865796,100.0,99.80480788987055,98.85951611839936
455,0,456,A,-6.7965,-3.5755,-11.719875,-1.339,-4.076,-4.168,19.623,456,25.87859424920127,0.337197049525817,7.314567495377027,61.555365108664596
456,0,457,A,-3.576,-1.474625,-14.315625,-1.337,-4.081,-4.584,2.176,457,26.198083067092643,0.23182297154898282,3.040887610437644,23.21620849539631
457,0,458,A,-4.424250000000001,1.78475,-16.47925,-1.336,-4.015,-4.604,-3.657,458,26.357827476038313,1.6227608008429921,2.8354222313540145,10.39840024611598
458,0,459,A,-4.212875,3.424875000000001,-20.18075,-1.326,-4.083,-4.603,-4.082,459,27.95527156549518,0.18967334035826036,2.8456955003081994,9.464477992396771
459,0,460,A,-1.283,5.1105,-18.2765,-1.336,-4.08,-4.602,-4.399,460,26.357827476038313,0.2528977871443534,2.855968769262375,8.767881864328562
460,0,461,A,-0.0107499999999999,3.41575,-15.90925,-1.339,-4.092,-4.582,-4.647,461,25.87859424920127,0.0,3.061434148346004,8.222910760981824
461,0,462,A,0.8295,-0.53525,-17.683124999999997,-1.335,-4.086,-4.595,-4.189,462,26.51757188498402,0.12644889357216735,2.9278816519416493,9.22934933087217
462,0,463,A,2.161,3.536444444444444,-20.70922222222222,-1.333,-3.94,-4.513,-4.73,463,26.83706070287539,3.2033719704952524,3.7702897061845078,8.04052123849078
463,0,464,A,4.258249999999999,4.8717500000000005,-15.790125000000002,-1.3,-2.872,-3.159,-4.786,464,32.108626198083044,25.711275026343515,17.680295870145883,7.917463247412485
464,0,465,A,6.044333333333333,0.1755,-15.209333333333332,-1.311,-3.063,-3.159,-4.046,465,30.351437699680506,21.685985247629073,17.680295870145883,9.543586700947104
465,0,466,A,5.7024,-2.0976,-18.8162,-1.309,-2.475,-3.161,-3.965,466,30.670926517571885,34.07797681770284,17.659749332237517,9.721581295185354
466,0,467,A,9.356222222222222,-1.822,-17.825111111111113,-1.295,-2.46,-3.114,-4.708,467,32.9073482428115,34.3940990516333,18.142592973084035,8.088865449271537
467,0,468,A,8.92722222222222,-4.659,-14.738444444444443,-1.314,-2.81,-3.157,-4.313,468,29.87220447284343,27.017913593256054,17.70084240805424,8.956863779198802
468,0,469,A,5.801875,-7.434625,-18.708875000000003,-1.297,-2.726,-3.122,-3.745,469,32.587859424920126,28.788198103266595,18.060406821450588,10.205023402992945
469,0,470,A,10.3168,-9.0234,-18.2562,-1.198,-2.805,-3.128,-3.989,470,48.40255591054313,27.12328767123287,17.998767207725496,9.668842156151799
470,0,471,A,10.255857142857142,-9.727285714285715,-14.388571428571428,-1.301,-3.065,-3.766,-6.239,471,31.948881789137378,21.643835616438352,11.444421614957879,4.724547871755992
471,0,472,A,6.868833333333335,-11.842999999999998,-15.2905,-1.207,-3.06,-3.721,-6.092,472,46.96485623003193,21.74920969441517,11.906718717896032,5.047575098336519
472,0,473,A,8.671000000000001,-13.7668,-18.3642,-1.168,-2.793,-3.553,-4.999,473,53.19488817891374,27.376185458377233,13.632627902198479,7.449403388489681
473,0,474,A,12.59575,-13.891625,-17.16825,-1.164,-3.061,-3.715,-5.541,474,53.833865814696495,21.72813487881981,11.968358331621122,6.25837783198189
474,0,475,A,11.09475,-15.096875,-13.312,-1.167,-3.064,-3.757,-6.219,475,53.354632587859406,21.664910432033714,11.536881035545509,4.768497154283954
475,0,476,A,6.570125,-18.1435,-14.8535,-1.107,-3.089,-3.72,-6.091,476,62.939297124600635,21.138040042149626,11.916991986850213,5.049772562462915
476,0,477,A,5.869750000000001,-14.079250000000002,-12.028375,-1.159,-3.057,-3.78,-6.382,477,54.63258785942491,21.812434141201262,11.300595849599343,4.410310501681059
477,0,478,A,1.634285714285714,-15.923857142857145,-12.164,-1.103,-3.075,-3.769,-6.538,478,63.57827476038338,21.433087460484714,11.413601808095333,4.067506097962948
478,0,479,A,0.562,-11.551142857142858,-12.679714285714285,-1.206,-3.083,-3.721,-5.287,479,47.12460063897763,21.264488935721804,11.906718717896032,6.816533720087017
479,0,480,A,-3.222888888888889,-12.815444444444443,-14.056666666666668,-1.207,-3.071,-3.564,-5.579,480,46.96485623003193,21.517386722866167,13.519621943702484,6.174874195178762
480,0,481,A,-2.508714285714286,-7.686428571428572,-16.173714285714286,-1.314,-2.502,-2.921,16.572,481,29.87220447284343,33.508956796628034,20.125333881241012,54.85090205902387
481,0,482,A,-6.1104,-5.6914,-15.956,-1.296,-1.717,4.854,36.178,482,32.747603833865796,50.05268703898841,100.0,97.93438372118572
482,0,483,A,-5.277875,-3.035,-19.18075,-1.331,-4.083,-4.294,3.372,483,27.156549520766767,0.18967334035826036,6.020135607150198,25.84437559056848
483,0,484,A,-9.22775,-0.599375,-17.466375,-1.339,-4.089,-4.575,10.47,484,25.87859424920127,0.0632244467860743,3.1333470310252696,41.44197595974246
484,0,485,A,-8.098875,1.1535,-22.61575,-1.339,-4.087,-3.202,-5.251,485,25.87859424920127,0.10537407797681549,17.238545305116087,6.89564242863735
485,0,486,A,-10.0885,5.087375000000001,-20.911625,-1.338,-4.073,-4.586,-4.748,486,26.038338658146937,0.40042149631189133,3.0203410725292748,8.000966884215613
486,0,487,A,-7.996888888888888,5.664555555555555,-25.451555555555554,-1.319,-3.705,-4.403,-5.262,487,29.07348242811501,8.155953635405682,4.900349291144445,6.871470323246971
487,0,488,A,-8.193000000000001,9.0,-20.834857142857143,-1.338,-4.084,-4.612,-6.126,488,26.038338658146937,0.1685985247629085,2.753236079720565,4.972861318038981
488,0,489,A,-5.40875,10.69575,-17.900875000000003,-1.337,-4.015,-4.586,-5.891,489,26.198083067092643,1.6227608008429921,3.0203410725292748,5.4892653877425435
489,0,490,A,-9.9045,9.957,-16.287,-1.335,-4.078,-4.588,-5.877,490,26.51757188498402,0.29504741833507586,2.9997945346209147,5.520029885512118
490,0,491,A,-9.744875,10.962625,-12.164,-1.337,-4.091,-4.616,-6.28,491,26.198083067092643,0.021074815595351865,2.7121430039038446,4.634451842573668
491,0,492,A,-7.807857142857143,14.426428571428572,-14.974571428571428,-1.34,-4.062,-4.559,-5.433,492,25.718849840255565,0.6322444678608928,3.2977193342921693,6.495703957632889
492,0,493,A,-12.563,12.551727272727277,-18.101454545454548,-1.356,-4.057,-4.62,-6.158,493,23.16293929712457,0.7376185458377084,2.671049928087115,4.90254246599424
493,0,494,A,-14.396777777777778,13.009666666666666,-13.571666666666667,-1.356,-4.059,-4.553,-5.468,494,23.16293929712457,0.6954689146469859,3.3593589480172588,6.418792713208956
494,0,495,A,-11.909642857142858,16.695857142857143,-10.498642857142856,-1.172,-3.102,-4.19,-5.745,495,52.55591054313099,20.864067439409904,7.088555578385038,5.810095150196671
495,0,496,A,-10.585555555555556,18.58944444444445,-17.215,-1.178,-2.491,-4.462,-4.663,496,51.597444089456864,33.74077976817703,4.294226422847752,8.187751334959453
496,0,497,A,-16.529000000000003,16.54422222222222,-17.46488888888889,-1.188,-3.374,-4.424,-5.03,497,50.0,15.131717597471015,4.684610643106631,7.381282000571337
497,0,498,A,-17.26625,18.2795,-13.123625,-0.983,-2.778,-3.538,-3.972,498,82.74760383386581,27.69230769230769,13.786726936511199,9.706199046300569
498,0,499,A,-14.587125,21.930875,-12.099375000000002,-0.916,-2.209,-3.727,-3.845,499,93.45047923322683,39.68387776606954,11.845079104170948,9.985276990353128
499,0,500,A,-11.517416666666668,23.074583333333333,-14.659666666666666,-1.189,-2.267,-3.67,-5.143,500,49.840255591054294,38.46153846153847,12.430655434559275,7.132968554288349
500,0,501,A,-16.322,24.461375,-18.5925,-0.961,-2.401,-3.69,-3.646,501,86.26198083067092,35.63751317175975,12.225190055475652,10.422572351506359
501,0,502,A,-15.918499999999998,20.17087500000001,-20.8535,-1.187,-2.558,-4.468,-3.944,502,50.15974440894567,32.32876712328767,4.232586809122662,9.767728041839714
502,0,503,A,-10.825909090909091,24.373,-20.645181818181825,-0.984,-2.492,-3.721,-4.687,503,82.58785942492013,33.719704952581665,11.906718717896032,8.1350121959259
503,0,504,A,-11.725583333333333,17.632666666666665,-22.17275,-1.189,-3.214,-4.451,-4.739,504,49.840255591054294,18.503688092729185,4.407232381343746,8.020744061353197
504,0,505,A,-5.546,19.472166666666663,-20.913833333333333,-1.184,-2.488,-4.461,-4.935,505,50.638977635782744,33.804004214963115,4.304499691801928,7.590041092579162
505,0,506,A,-2.1121000000000003,18.1974,-22.2382,-1.167,-2.489,-3.691,-4.744,506,53.354632587859406,33.78292939936776,12.214916786521473,8.009756740721206
506,0,507,A,-6.373125,14.104875,-20.833875,-1.338,-4.087,-4.545,-4.847,507,26.038338658146937,0.10537407797681549,3.4415450996507087,7.783417935702197
507,0,508,A,-5.9026250000000005,12.058374999999998,-25.25775,-1.336,-3.74,-4.467,-4.981,508,26.357827476038313,7.418335089567956,4.242860078076847,7.488957742764847
508,0,509,A,-3.6855,8.41625,-23.651,-1.338,-4.082,-4.599,-4.946,509,26.038338658146937,0.21074815595363097,2.88678857612492,7.565868987188782
509,0,510,A,-4.1902,8.732600000000001,-28.327,-1.185,-2.791,-4.462,-4.973,510,50.47923322683704,27.418335089567965,4.294226422847752,7.506537455776033
510,0,511,A,-1.5307499999999998,6.11775,-29.24675,-1.154,-2.773,-3.127,-4.672,511,55.43130990415336,27.797681770284505,18.00904047667968,8.167974157821872
511,0,512,A,-1.5678333333333334,4.065666666666666,-26.768666666666665,-1.164,-2.795,-3.125,-4.688,512,53.833865814696495,27.334035827186508,18.029587014588042,8.132814731799503
512,0,513,A,0.6735714285714286,1.2005714285714286,-26.661142857142856,-1.169,-2.799,-3.119,-4.664,513,53.03514376996804,27.249736564805055,18.091226628313127,8.185553870833056
513,0,514,A,-0.9145,-3.0445,-29.180625,-1.167,-2.786,-3.146,-4.406,514,53.354632587859406,27.52370916754478,17.813848366550236,8.752499615443776
514,0,515,A,-1.3425454545454547,-2.192181818181818,-23.999727272727277,-1.335,-4.091,-3.125,-4.346,515,26.51757188498402,0.021074815595351865,18.029587014588042,8.884347463027662
515,0,516,A,-1.5574285714285712,-7.520428571428572,-27.070285714285717,-1.166,-2.797,-3.123,-4.454,516,53.51437699680511,27.29188619599578,18.0501335524964,8.647021337376666
516,0,517,A,1.3304444444444443,-6.104444444444446,-30.570111111111117,-1.199,-2.779,-3.151,-4.635,517,48.24281150159743,27.671232876712327,17.76248202177933,8.249280330498603
517,0,518,A,3.90525,-4.481375,-25.11475,-1.165,-2.762,-3.136,-4.776,518,53.67412140575078,28.029504741833506,17.916581056092046,7.939437888676465
518,0,519,A,3.0502,-8.569799999999999,-24.0926,-1.206,-2.565,-3.058,-4.602,519,47.12460063897763,32.181243414120125,18.717896034518184,8.32179664666974
519,0,520,A,2.899111111111111,-10.77711111111111,-27.90088888888889,-1.161,-2.792,-3.069,-4.974,520,54.31309904153353,27.397260273972602,18.60489007602219,7.504339991649633
520,0,521,A,7.4574,-8.5084,-26.7878,-1.206,-2.761,-3.07,-4.278,521,47.12460063897763,28.05057955742887,18.59461680706801,9.033775023622738
521,0,522,A,8.446083333333332,-7.273416666666667,-22.6795,-1.308,-2.473,-3.138,-4.232,522,30.830670926517552,34.12012644889357,17.896034518183686,9.134858373437051
522,0,523,A,6.4155,-13.1175,-23.4285,-1.199,-2.759,-3.093,-4.904,523,48.24281150159743,28.092729188619597,18.35833162112184,7.658162480497503
523,0,524,A,3.405,-11.993857142857143,-21.831142857142854,-1.209,-2.759,-3.062,-5.06,524,46.64536741214055,28.092729188619597,18.67680295870146,7.315358076779395
524,0,525,A,-0.2619999999999999,-16.451454545454542,-22.943090909090916,-1.033,-2.751,-3.041,-4.916,525,74.76038338658148,28.261327713382506,18.892541606739265,7.631792910980725
525,0,526,A,-2.36275,-11.5215,-24.92425,-1.168,-2.649,-3.197,-5.004,526,53.19488817891374,30.410958904109584,17.289911649886992,7.438416067857691
526,0,527,A,-5.545272727272728,-12.40890909090909,-24.064272727272726,-1.193,-2.647,-3.184,-4.595,527,49.20127795527155,30.453108535300316,17.423464146291348,8.337178895554528
527,0,528,A,-7.444818181818182,-6.243181818181818,-27.632090909090905,-1.208,-2.966,-3.158,-4.751,528,46.80511182108626,23.73024236037934,17.690569139100063,7.9943744918364175
528,0,529,A,-11.7924,-6.8718,-25.0416,-1.054,-3.016,-3.188,-4.262,529,71.40575079872204,22.676501580611166,17.382371070474623,9.068934449645107
529,0,530,A,-14.469571428571433,-4.851285714285714,-27.33742857142857,-1.055,-3.024,-3.209,-4.475,530,71.24600638977637,22.507903055848256,17.166632422436816,8.600874590722304
530,0,531,A,-17.449625,-7.46625,-26.16325,-1.054,-2.919,-3.194,-4.542,531,71.40575079872204,24.72075869336143,17.320731456749538,8.453644494253629
531,0,532,A,-20.40533333333333,-7.851222222222223,-21.81911111111111,-1.112,-3.026,-3.139,-4.544,532,62.140575079872185,22.465753424657535,17.885761249229507,8.449249566000834
532,0,533,A,-19.648111111111117,-12.246333333333332,-25.640222222222224,-1.011,-2.403,-3.045,-4.926,533,78.27476038338659,35.59536354056902,18.85144853092254,7.609818269716745
533,0,534,A,-14.665333333333333,-10.236777777777778,-26.67933333333333,-0.948,-2.648,-3.164,-4.211,534,88.33865814696486,30.432033719704947,17.62892952537497,9.181005120091411
534,0,535,A,-14.295800000000003,-10.3374,-21.6382,-0.988,-2.649,-3.134,-4.795,535,81.94888178913737,30.410958904109584,17.93712759400041,7.897686070274901
535,0,536,A,-17.225909090909088,-14.00163636363636,-18.98818181818182,-1.079,-2.451,-3.174,-5.075,536,67.41214057507987,34.583772391991566,17.52619683583316,7.282396114883421
536,0,537,A,-13.232,-15.304000000000002,-22.9172,-0.95,-2.639,-3.181,-4.369,537,88.01916932907349,30.621707060063226,17.454283953153894,8.833805788120506
537,0,538,A,-10.2576,-13.4348,-22.1808,-0.943,-2.646,-3.177,-4.65,538,89.1373801916933,30.47418335089568,17.495377028970616,8.216318368602629
538,0,539,A,-10.074928571428572,-12.52257142857143,-16.46521428571429,-1.138,-3.076,-3.609,-5.572,539,57.98722044728435,21.41201264488935,13.05732484076433,6.190256444063548
539,0,540,A,-12.657,-17.65555555555555,-18.75255555555556,-1.089,-2.651,-3.274,-4.772,540,65.814696485623,30.368809272918863,16.49886994041504,7.9482277451820575
540,0,541,A,-8.631888888888888,-17.745111111111115,-22.642666666666667,-0.946,-2.649,-3.151,-4.49,541,88.65814696485623,30.410958904109584,17.76248202177933,8.567912628826331
541,0,542,A,-5.976999999999999,-15.6828,-18.3298,-1.135,-3.082,-3.603,-4.807,542,58.4664536741214,21.285563751317174,13.118964454489415,7.871316500758121
542,0,543,A,-7.81,-16.954875,-14.878125,-1.106,-3.073,-3.592,-5.735,543,63.099041533546306,21.475237091675446,13.231970412985412,5.832069791460651
543,0,544,A,-6.1826,-20.8518,-17.2996,-1.136,-3.08,-3.592,-4.905,544,58.306709265175726,21.3277133825079,13.231970412985412,7.6559650163711055
544,0,545,A,-1.4906,-19.0754,-18.5879,-1.115,-3.086,-3.557,-6.193,545,61.66134185303513,21.20126448893572,13.591534826381753,4.8256312215703066
545,0,546,A,-0.163375,-21.9825,-15.635,-1.105,-3.105,-3.72,-6.233,546,63.25878594249201,20.80084299262381,11.916991986850213,4.737732656514381
546,0,547,A,1.10775,-17.6155,-16.49325,-1.138,-3.082,-3.753,-6.505,547,57.98722044728435,21.285563751317174,11.577974111362233,4.140022414134088
547,0,548,A,2.2865714285714285,-14.537142857142856,-17.364857142857144,-1.118,-2.985,-3.761,-6.117,548,61.18210862619806,23.32982086406744,11.495787959728784,4.992638495176564
548,0,549,A,-1.4774,-12.428,-18.3268,-1.211,-3.074,-3.569,-6.105,549,46.32587859424918,21.454162276080083,13.46825559893158,5.019008064693341
549,0,550,A,-2.173,-9.060714285714289,-20.532714285714288,-1.282,-2.642,-3.172,-4.937,550,34.98402555910541,30.558482613277132,17.54674337374152,7.585646164326365
550,0,551,A,-6.581,-8.682714285714287,-20.34842857142857,-1.299,-2.643,-3.199,-5.007,551,32.26837060702875,30.53740779768177,17.269365111978633,7.431823675478497
551,0,552,A,-6.6866666666666665,-4.406666666666666,-23.863777777777777,-1.328,-2.976,-3.177,-4.803,552,27.63578274760381,23.51949420442571,17.495377028970616,7.880106357263715
552,0,553,A,-10.596636363636362,-5.507,-20.233454545454546,-1.294,-3.032,-3.207,-4.015,553,33.06709265175717,22.33930453108535,17.187178960345182,9.611708088865448
553,0,554,A,-11.747714285714286,-1.5418571428571428,-24.771571428571427,-1.333,-4.087,-4.59,-4.553,554,26.83706070287539,0.10537407797681549,2.9792479967125542,8.42947238886325
554,0,555,A,-13.56314285714286,0.8631428571428571,-21.637714285714285,-1.328,-4.082,-4.595,-5.227,555,27.63578274760381,0.21074815595363097,2.9278816519416493,6.948381567670905
555,0,556,A,-16.192833333333333,4.143666666666667,-22.086166666666667,-1.332,-3.998,-4.276,-5.339,556,26.99680511182106,1.9810326659641608,6.205054448325458,6.702265585514314
556,0,557,A,-12.898777777777775,8.534333333333334,-23.427444444444443,-1.337,-4.079,-4.584,-4.643,557,26.198083067092643,0.273972602739724,3.040887610437644,8.231700617487418
557,0,558,A,-17.0584,9.6996,-22.3503,-1.336,-3.382,-4.479,-5.442,558,26.357827476038313,14.963119072708105,4.119580850626668,6.475926780495306
558,0,559,A,-17.944444444444443,6.1002222222222215,-17.14677777777778,-1.354,-3.386,-4.458,-5.519,559,23.482428115015946,14.878819810326652,4.3353194986644725,6.30672204276265
559,0,560,A,-17.702875,9.62575,-14.630625,-1.354,-3.385,-3.662,-5.443,560,23.482428115015946,14.899894625922022,12.512841586192728,6.473729316368909
560,0,561,A,-16.228428571428573,7.90142857142857,-10.350857142857144,-1.359,-3.383,-4.168,-5.203,561,22.683706070287528,14.942044257112745,7.314567495377027,7.00112070670446
561,0,562,A,-20.499166666666667,9.580166666666669,-10.403083333333337,-1.354,-3.377,-3.638,-5.223,562,23.482428115015946,15.068493150684931,12.759400041093075,6.957171424176499
562,0,563,A,-20.62057142857143,8.28042857142857,-5.665571428571428,-1.356,-3.376,-3.81,-4.586,563,23.16293929712457,15.089567966280292,10.992397780973905,8.35695607269211
563,0,564,A,-18.013,13.096000000000002,-6.6385000000000005,-1.359,-3.599,-4.486,-4.087,564,22.683706070287528,10.389884088514217,4.047667967947402,9.453490671764781
564,0,565,A,-17.741714285714284,14.79957142857143,-2.7105714285714284,-1.356,-3.607,-4.477,-4.067,565,23.16293929712457,10.221285563751307,4.140127388535028,9.497439954292743
565,0,566,A,-17.19757142857143,18.434,-4.720857142857143,-1.119,-2.992,-3.493,-4.825,566,61.02236421725239,23.182297154899892,14.249024039449354,7.831762146482955
566,0,567,A,-12.41588888888889,20.791666666666668,-3.376777777777777,-1.119,-2.752,-3.527,-5.385,567,61.02236421725239,28.240252897787144,13.899732895007189,6.601182235700001
567,0,568,A,-15.745,22.13975,-0.121,-1.091,-2.75,-3.455,-5.307,568,65.49520766773162,28.28240252897787,14.639408259708237,6.772584437559054
568,0,569,A,-18.635125,20.44975,-0.4051249999999999,-1.12,-2.944,-3.381,-4.442,569,60.86261980830668,24.193888303477344,15.399630162317651,8.673390906893443
569,0,570,A,-19.92757142857143,18.32,3.395714285714285,-1.118,-2.964,-3.144,-4.408,570,61.18210862619806,23.77239199157007,17.8343949044586,8.74810468719098
570,0,571,A,-19.23325,13.706125,3.539875,-1.144,-3.633,-4.291,-4.898,571,57.02875399361022,9.67334035827186,6.050955414012734,7.671347265255893
571,0,572,A,-23.652,15.364999999999998,3.36025,-1.155,-2.441,-3.153,-4.96,572,55.27156549520765,34.794520547945204,17.741935483870964,7.535104489419207
572,0,573,A,-22.9965,17.641,-1.0025000000000002,-0.925,-2.648,-3.142,-4.379,573,92.01277955271566,30.432033719704947,17.85494144236696,8.811831146856527
573,0,574,A,-23.07525,12.855625,-2.341375,-1.362,-2.802,-3.147,-4.622,574,22.20447284345045,27.186512118018964,17.803575097596056,8.27784736414178
574,0,575,A,-22.492625,14.224625,-7.276874999999999,-1.359,-3.359,-3.641,-4.435,575,22.683706070287528,15.447839831401469,12.72858023423053,8.68877315577823
575,0,576,A,-25.626,10.208125,-6.591,-1.356,-3.322,-3.33,-4.866,576,23.16293929712457,16.227608008429918,15.92356687898089,7.741666117300633
576,0,577,A,-25.26425,10.257749999999998,-10.8075,-1.354,-3.378,-3.63,-5.114,577,23.482428115015946,15.04741833508956,12.841586192726526,7.196695013953895
577,0,578,A,-26.52075,10.09675,-14.447125000000002,-1.356,-3.362,-3.627,-5.388,578,23.16293929712457,15.384615384615378,12.87240599958907,6.594589843320805
578,0,579,A,-29.644,6.593166666666666,-12.886666666666663,-1.355,-3.372,-3.658,-5.516,579,23.322683706070276,15.173867228661747,12.55393466200945,6.3133144351418435
